{
    "version": "Sample 1.0.0",
    "model": "Danmenzu.moc",
    "textures": [
        "Danmenzu.1024/texture_00.png"
    ],
    "expressions": [
        {
            "name": "0Reset",
            "file": "expressions/0Reset.exp.json"
        },
        {
            "name": "Seijoi",
            "file": "expressions/Seijoi.exp.json"
        },
        {
            "name": "Slaim",
            "file": "expressions/Slaim.exp.json"
        },
        {
            "name": "SNGob",
            "file": "expressions/SNGob.exp.json"
        },
        {
            "name": "SStart",
            "file": "expressions/SStart.exp.json"
        },
        {
            "name": "Warm",
            "file": "expressions/Warm.exp.json"
        }
    ],
    "motions": {
        "": [
            {
                "file": "motions/0Taiki.mtn",
                "fade_in": 1000,
                "fade_out": 1000
            },
            {
                "file": "motions/1Sounyu.mtn",
                "fade_in": 1000,
                "fade_out": 1000
            },
            {
                "file": "motions/2Taiki.mtn",
                "fade_in": 1000,
                "fade_out": 1000
            },
            {
                "file": "motions/3Ugoki.mtn",
                "fade_in": 1000,
                "fade_out": 1000
            },
            {
                "file": "motions/4Ugoki.mtn",
                "fade_in": 1000,
                "fade_out": 1000
            },
            {
                "file": "motions/5Ugoki.mtn",
                "fade_in": 1000,
                "fade_out": 1000
            },
            {
                "file": "motions/6H1Syasei.mtn",
                "fade_in": 1000,
                "fade_out": 1000
            },
            {
                "file": "motions/6Syasei.mtn",
                "fade_in": 1000,
                "fade_out": 1000
            },
            {
                "file": "motions/ExTaiki.mtn",
                "fade_in": 1000,
                "fade_out": 1000
            },
            {
                "file": "motions/S_0Taiki.mtn",
                "fade_in": 1000,
                "fade_out": 1000
            },
            {
                "file": "motions/S_1Sounyu.mtn",
                "fade_in": 1000,
                "fade_out": 1000
            }
        ]
    }
}