{
    "version": "Sample 1.0.0",
    "model": "moc/haruto.moc",
    "textures": [
        "moc/haruto.2048/texture_00.png"
    ],
    "motions": {
        "idle": [
            {
                "file": "mtn/idle_02.mtn"
            }
        ],
        "": [
            {
                "file": "mtn/01.mtn"
            },
            {
                "file": "mtn/02.mtn"
            },
            {
                "file": "mtn/03.mtn"
            },
            {
                "file": "mtn/04.mtn"
            },
            {
                "file": "mtn/05.mtn"
            },
            {
                "file": "mtn/06.mtn"
            },
            {
                "file": "mtn/07.mtn"
            },
            {
                "file": "mtn/08.mtn"
            },
            {
                "file": "mtn/09.mtn"
            }
        ]
    },
    "physics": "haruto.physics.json",
    "name": "haruto"
}