{
    "version": "Sample 1.0.0",
    "model": "Orc.moc",
    "textures": [
        "Orc.1024/texture_00.png"
    ],
    "expressions": [
        {
            "name": "H1",
            "file": "expressions/H1.exp.json"
        },
        {
            "name": "H2",
            "file": "expressions/H2.exp.json"
        },
        {
            "name": "H3",
            "file": "expressions/H3.exp.json"
        },
        {
            "name": "H4",
            "file": "expressions/H4.exp.json"
        },
        {
            "name": "H5",
            "file": "expressions/H5.exp.json"
        },
        {
            "name": "H6",
            "file": "expressions/H6.exp.json"
        }
    ],
    "motions": {
        "": [
            {
                "file": "motions/0Taiki.mtn",
                "fade_in": 1000,
                "fade_out": 1000
            },
            {
                "file": "motions/1Sounyu.mtn",
                "fade_in": 1000,
                "fade_out": 1000
            },
            {
                "file": "motions/2Taiki.mtn",
                "fade_in": 1000,
                "fade_out": 1000
            },
            {
                "file": "motions/3Ugoki.mtn",
                "fade_in": 1000,
                "fade_out": 1000
            },
            {
                "file": "motions/4Ugoki.mtn",
                "fade_in": 1000,
                "fade_out": 1000
            },
            {
                "file": "motions/5Ugoki.mtn",
                "fade_in": 1000,
                "fade_out": 1000
            },
            {
                "file": "motions/6Syasei.mtn",
                "fade_in": 1000,
                "fade_out": 1000
            }
        ]
    }
}