{
    "type": "Live2D Model Setting",
    "name": "L_143200301",
    "model": "model.moc",
    "textures": [
        "textures/L_143200301.png",
        "textures/L_143200302.png",
        "textures/L_143200303.png",
        "textures/L_143200304.png"
    ],
    "motions": {
        "idle": [
            {
                "file": "motions/idle.mtn",
                "fade_in": 0,
                "fade_out": 0,
                "cv_id": 1
            }
        ],
        "idle_click": [
            {
                "file": "motions/01.mtn",
                "fade_in": 0,
                "fade_out": 0,
                "cv_id": 2
            },
            {
                "file": "motions/02.mtn",
                "fade_in": 0,
                "fade_out": 0,
                "cv_id": 3
            },
            {
                "file": "motions/04.mtn",
                "fade_in": 0,
                "fade_out": 0,
                "cv_id": 4
            },
            {
                "file": "motions/03.mtn",
                "fade_in": 0,
                "fade_out": 0,
                "cv_id": 5
            },
            {
                "file": "motions/05.mtn",
                "fade_in": 0,
                "fade_out": 0,
                "cv_id": 6
            },
            {
                "file": "motions/07.mtn",
                "fade_in": 0,
                "fade_out": 0,
                "cv_id": 7
            },
            {
                "file": "motions/08.mtn",
                "fade_in": 0,
                "fade_out": 0,
                "cv_id": 8
            },
            {
                "file": "motions/03.mtn",
                "fade_in": 0,
                "fade_out": 0,
                "cv_id": 9
            },
            {
                "file": "motions/10.mtn",
                "fade_in": 0,
                "fade_out": 0,
                "cv_id": 10
            },
            {
                "file": "motions/02.mtn",
                "fade_in": 0,
                "fade_out": 0,
                "cv_id": 11
            },
            {
                "file": "motions/12.mtn",
                "fade_in": 0,
                "fade_out": 0,
                "cv_id": 12
            },
            {
                "file": "motions/02.mtn",
                "fade_in": 0,
                "fade_out": 0,
                "cv_id": 20
            }
        ]
    }
}