{
    "version": "Sample 1.0.0",
    "model": "moc/Gantzert_Felixander.moc",
    "textures": [
        "moc/Gantzert_Felixander.2048/texture_00.png",
        "moc/Gantzert_Felixander.2048/texture_01.png",
        "moc/Gantzert_Felixander.2048/texture_02.png",
        "moc/Gantzert_Felixander.2048/texture_03.png",
        "moc/Gantzert_Felixander.2048/texture_04.png",
        "moc/Gantzert_Felixander.2048/texture_05.png",
        "moc/Gantzert_Felixander.2048/texture_06.png"
    ],
    "layout": {
        "center_x": 0,
        "center_y": -0.2
    },
    "motions": {
        "idle": [
            {
                "file": "mtn/A_00_idle.mtn"
            }
        ],
        "": [
            {
                "file": "mtn/A_02.mtn"
            },
            {
                "file": "mtn/A_03.mtn"
            },
            {
                "file": "mtn/A_04.mtn"
            },
            {
                "file": "mtn/A_05.mtn"
            },
            {
                "file": "mtn/A_01.mtn"
            }
        ]
    }
}