{
    "type": "Live2D Model Setting",
    "name": "s_kanade_01",
    "model": "s_kanade_01.moc",
    "textures": [
        "s_kanade_01.2048/texture_00.png"
    ],
    "physics": "s_kanade_01.physics.json",
    "layout": {
        "center_x": 0,
        "y": 0.9,
        "height": 3.4
    },
    "hit_areas": [
        {
            "name": "head",
            "id": "D_REF_HEAD",
            "offset_x": 3,
            "offset_y": 65,
            "scale_x": 0.53,
            "scale_y": 0.6
        },
        {
            "name": "body",
            "id": "D_REF_BODY",
            "offset_x": 47,
            "offset_y": 25,
            "scale_x": 0.55,
            "scale_y": 0.6
        }
    ],
    "motions": {
        "m01": [
            {
                "file": "motions/idle_a.mtn",
                "fade_in": 300,
                "fade_out": 0
            }
        ],
        "m02": [
            {
                "file": "motions/m02.mtn",
                "fade_in": 300,
                "fade_out": 0
            }
        ],
        "m03": [
            {
                "file": "motions/m03.mtn",
                "fade_in": 300,
                "fade_out": 0
            }
        ],
        "m04": [
            {
                "file": "motions/m04.mtn",
                "fade_in": 300,
                "fade_out": 0
            }
        ],
        "m05": [
            {
                "file": "motions/m05.mtn",
                "fade_in": 300,
                "fade_out": 0
            }
        ],
        "m06": [
            {
                "file": "motions/m06.mtn",
                "fade_in": 300,
                "fade_out": 0
            }
        ],
        "m07": [
            {
                "file": "motions/m07.mtn",
                "fade_in": 300,
                "fade_out": 0
            }
        ],
        "m08": [
            {
                "file": "motions/m08.mtn",
                "fade_in": 300,
                "fade_out": 0
            }
        ],
        "m09": [
            {
                "file": "motions/m09.mtn",
                "fade_in": 300,
                "fade_out": 0
            }
        ],
        "m10": [
            {
                "file": "motions/m10.mtn",
                "fade_in": 300,
                "fade_out": 0
            }
        ],
        "m11": [
            {
                "file": "motions/m11.mtn",
                "fade_in": 300,
                "fade_out": 0
            }
        ],
        "m12": [
            {
                "file": "motions/m12.mtn",
                "fade_in": 300,
                "fade_out": 0
            }
        ],
        "m13": [
            {
                "file": "motions/m13.mtn",
                "fade_in": 300,
                "fade_out": 0
            }
        ],
        "m14": [
            {
                "file": "motions/m14.mtn",
                "fade_in": 300,
                "fade_out": 0
            }
        ],
        "m17": [
            {
                "file": "motions/m17.mtn",
                "fade_in": 300,
                "fade_out": 0
            }
        ],
        "m18": [
            {
                "file": "motions/m18.mtn",
                "fade_in": 300,
                "fade_out": 0
            }
        ],
        "m19": [
            {
                "file": "motions/m03.mtn",
                "fade_in": 300,
                "fade_out": 0
            },
            {
                "file": "motions/m07.mtn",
                "fade_in": 300,
                "fade_out": 0
            }
        ],
        "idle": [
            {
                "file": "motions/idle_b.mtn",
                "fade_in": 0,
                "fade_out": 0
            },
            {
                "file": "motions/idle_b.mtn",
                "fade_in": 0,
                "fade_out": 0
            },
            {
                "file": "motions/m07.mtn",
                "fade_in": 300,
                "fade_out": 0
            },
            {
                "file": "motions/idle_b.mtn",
                "fade_in": 500,
                "fade_out": 0
            },
            {
                "file": "motions/idle_b.mtn",
                "fade_in": 0,
                "fade_out": 0
            },
            {
                "file": "motions/idle_b.mtn",
                "fade_in": 0,
                "fade_out": 0
            },
            {
                "file": "motions/m03.mtn",
                "fade_in": 300,
                "fade_out": 0
            },
            {
                "file": "motions/idle_b.mtn",
                "fade_in": 500,
                "fade_out": 0
            },
            {
                "file": "motions/idle_b.mtn",
                "fade_in": 0,
                "fade_out": 0
            },
            {
                "file": "motions/idle_b.mtn",
                "fade_in": 0,
                "fade_out": 0
            },
            {
                "file": "motions/m07.mtn",
                "fade_in": 300,
                "fade_out": 0
            },
            {
                "file": "motions/idle_b.mtn",
                "fade_in": 500,
                "fade_out": 0
            },
            {
                "file": "motions/idle_b.mtn",
                "fade_in": 0,
                "fade_out": 0
            },
            {
                "file": "motions/m03.mtn",
                "fade_in": 300,
                "fade_out": 0
            },
            {
                "file": "motions/idle_b.mtn",
                "fade_in": 500,
                "fade_out": 0
            }
        ]
    }
}