{
    "version": "Sample 1.0.0",
    "model": "Gorem.moc",
    "textures": [
        "Gorem.1024/texture_00.png"
    ],
    "expressions": [
        {
            "name": "H1",
            "file": "expressions/H1.exp.json"
        },
        {
            "name": "H2",
            "file": "expressions/H2.exp.json"
        },
        {
            "name": "H3",
            "file": "expressions/H3.exp.json"
        },
        {
            "name": "H4",
            "file": "expressions/H4.exp.json"
        },
        {
            "name": "H5",
            "file": "expressions/H5.exp.json"
        },
        {
            "name": "H6",
            "file": "expressions/H6.exp.json"
        },
        {
            "name": "H7",
            "file": "expressions/H7.exp.json"
        },
        {
            "name": "H8",
            "file": "expressions/H8.exp.json"
        },
        {
            "name": "H9",
            "file": "expressions/H9.exp.json"
        },
        {
            "name": "HA",
            "file": "expressions/HA.exp.json"
        }
    ],
    "motions": {
        "": [
            {
                "file": "motions/0aTaiki.mtn",
                "fade_in": 1000,
                "fade_out": 1000
            },
            {
                "file": "motions/0Stop.mtn",
                "fade_in": 1000,
                "fade_out": 1000
            },
            {
                "file": "motions/0Taiki.mtn",
                "fade_in": 1000,
                "fade_out": 1000
            },
            {
                "file": "motions/1aSounyu.mtn",
                "fade_in": 1000,
                "fade_out": 1000
            },
            {
                "file": "motions/1Sounyu.mtn",
                "fade_in": 1000,
                "fade_out": 1000
            },
            {
                "file": "motions/2aTaiki.mtn",
                "fade_in": 1000,
                "fade_out": 1000
            },
            {
                "file": "motions/2Taiki.mtn",
                "fade_in": 1000,
                "fade_out": 1000
            },
            {
                "file": "motions/3HUgoki.mtn",
                "fade_in": 1000,
                "fade_out": 1000
            },
            {
                "file": "motions/3Ugoki.mtn",
                "fade_in": 1000,
                "fade_out": 1000
            },
            {
                "file": "motions/4Ugoki.mtn",
                "fade_in": 1000,
                "fade_out": 1000
            },
            {
                "file": "motions/5Ugoki.mtn",
                "fade_in": 1000,
                "fade_out": 1000
            },
            {
                "file": "motions/6Syasei.mtn",
                "fade_in": 1000,
                "fade_out": 1000
            }
        ]
    }
}