{
    "type": "Live2D Model Setting",
    "name": "s_chihaya01",
    "model": "s_chihaya01.moc",
    "textures": [
        "s_chihaya01.2048/texture_00.png"
    ],
    "layout": {
        "center_x": 0.14,
        "y": 0.55,
        "height": 2.9
    },
    "hit_areas": [
        {
            "name": "head",
            "id": "D_REF_HEAD"
        },
        {
            "name": "body",
            "id": "D_REF_BODY"
        }
    ],
    "motions": {
        "m01": [
            {
                "file": "motions/chihaya_m_00.mtn",
                "fade_in": 300,
                "fade_out": 0
            },
            {
                "file": "motions/chihaya_m_00.mtn",
                "fade_in": 0,
                "fade_out": 0
            }
        ],
        "m02": [
            {
                "file": "motions/chihaya_m_02a.mtn",
                "fade_in": 300,
                "fade_out": 0
            },
            {
                "file": "motions/chihaya_m_02b.mtn",
                "fade_in": 0,
                "fade_out": 0
            }
        ],
        "m03": [
            {
                "file": "motions/chihaya_m_03a.mtn",
                "fade_in": 300,
                "fade_out": 0
            },
            {
                "file": "motions/chihaya_m_03b.mtn",
                "fade_in": 0,
                "fade_out": 0
            }
        ],
        "m04": [
            {
                "file": "motions/chihaya_m_04a.mtn",
                "fade_in": 300,
                "fade_out": 0
            },
            {
                "file": "motions/chihaya_m_04b.mtn",
                "fade_in": 0,
                "fade_out": 0
            }
        ],
        "m05": [
            {
                "file": "motions/chihaya_m_05a.mtn",
                "fade_in": 300,
                "fade_out": 0
            },
            {
                "file": "motions/chihaya_m_05b.mtn",
                "fade_in": 0,
                "fade_out": 0
            }
        ],
        "m06": [
            {
                "file": "motions/chihaya_m_06a.mtn",
                "fade_in": 300,
                "fade_out": 0
            },
            {
                "file": "motions/chihaya_m_06b.mtn",
                "fade_in": 0,
                "fade_out": 0
            }
        ],
        "m07": [
            {
                "file": "motions/chihaya_m_07a.mtn",
                "fade_in": 300,
                "fade_out": 0
            },
            {
                "file": "motions/chihaya_m_07b.mtn",
                "fade_in": 0,
                "fade_out": 0
            }
        ],
        "m08": [
            {
                "file": "motions/chihaya_m_08a.mtn",
                "fade_in": 300,
                "fade_out": 0
            },
            {
                "file": "motions/chihaya_m_08b.mtn",
                "fade_in": 0,
                "fade_out": 0
            }
        ],
        "m09": [
            {
                "file": "motions/chihaya_m_09a.mtn",
                "fade_in": 300,
                "fade_out": 0
            },
            {
                "file": "motions/chihaya_m_09b.mtn",
                "fade_in": 0,
                "fade_out": 0
            }
        ],
        "m10": [
            {
                "file": "motions/chihaya_m_10a.mtn",
                "fade_in": 300,
                "fade_out": 0
            },
            {
                "file": "motions/chihaya_m_10b.mtn",
                "fade_in": 0,
                "fade_out": 0
            }
        ],
        "m11": [
            {
                "file": "motions/chihaya_m_11a.mtn",
                "fade_in": 300,
                "fade_out": 0
            },
            {
                "file": "motions/chihaya_m_11b.mtn",
                "fade_in": 0,
                "fade_out": 0
            }
        ],
        "m12": [
            {
                "file": "motions/chihaya_m_12a.mtn",
                "fade_in": 300,
                "fade_out": 0
            },
            {
                "file": "motions/chihaya_m_12b.mtn",
                "fade_in": 0,
                "fade_out": 0
            }
        ],
        "m13": [
            {
                "file": "motions/chihaya_m_13a.mtn",
                "fade_in": 300,
                "fade_out": 0
            },
            {
                "file": "motions/chihaya_m_13b.mtn",
                "fade_in": 0,
                "fade_out": 0
            }
        ],
        "m14": [
            {
                "file": "motions/chihaya_m_14a.mtn",
                "fade_in": 300,
                "fade_out": 0
            },
            {
                "file": "motions/chihaya_m_14b.mtn",
                "fade_in": 0,
                "fade_out": 0
            }
        ],
        "m15": [
            {
                "file": "motions/chihaya_m_15a.mtn",
                "fade_in": 300,
                "fade_out": 0
            },
            {
                "file": "motions/chihaya_m_00.mtn",
                "fade_in": 0,
                "fade_out": 0
            }
        ],
        "m16": [
            {
                "file": "motions/chihaya_m_16a.mtn",
                "fade_in": 300,
                "fade_out": 0
            },
            {
                "file": "motions/chihaya_m_00.mtn",
                "fade_in": 0,
                "fade_out": 0
            }
        ],
        "m17": [
            {
                "file": "motions/chihaya_m_17a.mtn",
                "fade_in": 300,
                "fade_out": 0
            }
        ],
        "m18": [
            {
                "file": "motions/chihaya_m_18a.mtn",
                "fade_in": 300,
                "fade_out": 0
            }
        ],
        "idle": [
            {
                "file": "motions/chihaya_m_01.mtn",
                "fade_in": 0,
                "fade_out": 0
            },
            {
                "file": "motions/chihaya_m_01.mtn",
                "fade_in": 0,
                "fade_out": 0
            },
            {
                "file": "motions/chihaya_m_08a.mtn",
                "fade_in": 300,
                "fade_out": 0
            },
            {
                "file": "motions/chihaya_m_08b.mtn",
                "fade_in": 0,
                "fade_out": 500
            },
            {
                "file": "motions/chihaya_m_01.mtn",
                "fade_in": 500,
                "fade_out": 0
            },
            {
                "file": "motions/chihaya_m_01.mtn",
                "fade_in": 0,
                "fade_out": 0
            },
            {
                "file": "motions/chihaya_m_01.mtn",
                "fade_in": 0,
                "fade_out": 0
            },
            {
                "file": "motions/chihaya_m_03a.mtn",
                "fade_in": 300,
                "fade_out": 0
            },
            {
                "file": "motions/chihaya_m_03b.mtn",
                "fade_in": 0,
                "fade_out": 500
            },
            {
                "file": "motions/chihaya_m_01.mtn",
                "fade_in": 500,
                "fade_out": 0
            },
            {
                "file": "motions/chihaya_m_01.mtn",
                "fade_in": 0,
                "fade_out": 0
            },
            {
                "file": "motions/chihaya_m_01.mtn",
                "fade_in": 0,
                "fade_out": 0
            },
            {
                "file": "motions/chihaya_m_08a.mtn",
                "fade_in": 300,
                "fade_out": 0
            },
            {
                "file": "motions/chihaya_m_08b.mtn",
                "fade_in": 0,
                "fade_out": 500
            },
            {
                "file": "motions/chihaya_m_01.mtn",
                "fade_in": 500,
                "fade_out": 0
            },
            {
                "file": "motions/chihaya_m_01.mtn",
                "fade_in": 0,
                "fade_out": 0
            },
            {
                "file": "motions/chihaya_m_03a.mtn",
                "fade_in": 300,
                "fade_out": 0
            },
            {
                "file": "motions/chihaya_m_03b.mtn",
                "fade_in": 0,
                "fade_out": 500
            },
            {
                "file": "motions/chihaya_m_01.mtn",
                "fade_in": 500,
                "fade_out": 0
            }
        ]
    }
}