{
    "version": "Sample 1.0.0",
    "model": "Player.moc",
    "textures": [
        "Player.1024/texture_00.png"
    ],
    "expressions": [
        {
            "name": "H2hagisiri",
            "file": "expressions/H2hagisiri.exp.json"
        },
        {
            "name": "H2hatujo",
            "file": "expressions/H2hatujo.exp.json"
        },
        {
            "name": "H2odoroki",
            "file": "expressions/H2odoroki.exp.json"
        },
        {
            "name": "Hakire",
            "file": "expressions/Hakire.exp.json"
        },
        {
            "name": "Hdoya",
            "file": "expressions/Hdoya.exp.json"
        },
        {
            "name": "Hegao",
            "file": "expressions/Hegao.exp.json"
        },
        {
            "name": "Hhagisiri",
            "file": "expressions/Hhagisiri.exp.json"
        },
        {
            "name": "Hhatujo",
            "file": "expressions/Hhatujo.exp.json"
        },
        {
            "name": "Hhazui",
            "file": "expressions/Hhazui.exp.json"
        },
        {
            "name": "Hikari",
            "file": "expressions/Hikari.exp.json"
        },
        {
            "name": "Hisamasi",
            "file": "expressions/Hisamasi.exp.json"
        },
        {
            "name": "Hjitome",
            "file": "expressions/Hjitome.exp.json"
        },
        {
            "name": "Hkanasi",
            "file": "expressions/Hkanasi.exp.json"
        },
        {
            "name": "Hkomari",
            "file": "expressions/Hkomari.exp.json"
        },
        {
            "name": "Hmajime",
            "file": "expressions/Hmajime.exp.json"
        },
        {
            "name": "Hnaki",
            "file": "expressions/Hnaki.exp.json"
        },
        {
            "name": "Hodoroki",
            "file": "expressions/Hodoroki.exp.json"
        },
        {
            "name": "Hsaimin",
            "file": "expressions/Hsaimin.exp.json"
        },
        {
            "name": "Htujo",
            "file": "expressions/Htujo.exp.json"
        },
        {
            "name": "Hzetu",
            "file": "expressions/Hzetu.exp.json"
        }
    ],
    "motions": {
        "": [
            {
                "file": "motions/Shazi.mtn",
                "fade_in": 1000,
                "fade_out": 1000
            },
            {
                "file": "motions/Skamen.mtn",
                "fade_in": 1000,
                "fade_out": 1000
            },
            {
                "file": "motions/Sleft1.mtn",
                "fade_in": 1000,
                "fade_out": 1000
            },
            {
                "file": "motions/Snomal.mtn",
                "fade_in": 1000,
                "fade_out": 1000
            },
            {
                "file": "motions/SRflesh.mtn",
                "fade_in": 1000,
                "fade_out": 1000
            },
            {
                "file": "motions/Sright1.mtn",
                "fade_in": 1000,
                "fade_out": 1000
            },
            {
                "file": "motions/SsianN.mtn",
                "fade_in": 1000,
                "fade_out": 1000
            },
            {
                "file": "motions/Sstop.mtn",
                "fade_in": 1000,
                "fade_out": 1000
            },
            {
                "file": "motions/SzetuN.mtn",
                "fade_in": 1000,
                "fade_out": 1000
            },
            {
                "file": "motions/Szzzzz.mtn",
                "fade_in": 1000,
                "fade_out": 1000
            }
        ]
    }
}