{
    "type": "Live2D Model Setting",
    "name": "妮妮法_春节",
    "model": "Lead_00.moc",
    "textures": [
        "textures/texture_00.png",
        "textures/texture_01.png"
    ],
    "config": {
        "scale": 1,
        "posX": 0,
        "posY": 0,
        "offsetX": 0,
        "offsetY": 0,
        "textPosX": 325,
        "textPosY": 280,
        "mirrorX": false
    },
    "motions": {
        "idle": [
            {
                "file": "motions/idle.mtn"
            }
        ],
        "stay": [
            {
                "file": "motions/stay_01.mtn"
            }
        ],
        "gift": [
            {
                "file": "motions/gift_01.mtn"
            }
        ],
        "setting": [
            {
                "file": "motions/setting_01.mtn"
            }
        ],
        "touch_01_1": [
            {
                "file": "motions/touch_01_1.mtn"
            }
        ],
        "touch_01_2": [
            {
                "file": "motions/touch_01_2.mtn"
            }
        ],
        "touch_chuanghu": [
            {
                "file": "motions/touch_chuanghu.mtn"
            },
            {
                "file": "motions/touch_chuanghu_01.mtn"
            }
        ],
        "touch_head": [
            {
                "file": "motions/touch_head.mtn",
                "sound": "166_0202",
                "say_text": "决定了，不听话的你就一生，一生都留在妮妮珐的实验室里！",
                "say_text_show_time": 0
            }
        ],
        "touch_Hips": [
            {
                "file": "motions/touch_Hips.mtn",
                "sound": "166_0201",
                "say_text": "再不停下的话，就要为你的行为支付代价了哦~",
                "say_text_show_time": 0
            }
        ],
        "touch_99": [
            {
                "file": "motions/touch_99.mtn"
            }
        ]
    },
    "hit_areas": [
        {
            "name": "touch_chuanghu",
            "id": "D_REF_PT_touch_chuanghu"
        },
        {
            "name": "touch_head",
            "id": "D_REF_PT_touch_head"
        },
        {
            "name": "touch_Hips",
            "id": "D_REF_PT_touch_Hips"
        }
    ]
}