{
    "type": "Live2D Model Setting",
    "name": "L_133100301",
    "model": "model.moc",
    "textures": [
        "textures/texture_00.png",
        "textures/texture_01.png",
        "textures/texture_02.png",
        "textures/texture_03.png",
        "textures/texture_04.png"
    ],
    "trigger": [],
    "motions": {
        "idle": [
            {
                "file": "motions/idle.mtn",
                "fade_in": 0,
                "fade_out": 0,
                "cv_id": 1
            }
        ],
        "idle_click": [
            {
                "file": "motions/01_2.mtn",
                "fade_in": 0,
                "fade_out": 0,
                "cv_id": 2
            },
            {
                "file": "motions/03.mtn",
                "fade_in": 0,
                "fade_out": 0,
                "cv_id": 3
            },
            {
                "file": "motions/05.mtn",
                "fade_in": 0,
                "fade_out": 0,
                "cv_id": 4
            },
            {
                "file": "motions/01.mtn",
                "fade_in": 0,
                "fade_out": 0,
                "cv_id": 5
            },
            {
                "file": "motions/02.mtn",
                "fade_in": 0,
                "fade_out": 0,
                "cv_id": 6
            },
            {
                "file": "motions/03.mtn",
                "fade_in": 0,
                "fade_out": 0,
                "cv_id": 7
            },
            {
                "file": "motions/02_2.mtn",
                "fade_in": 0,
                "fade_out": 0,
                "cv_id": 8
            },
            {
                "file": "motions/04.mtn",
                "fade_in": 0,
                "fade_out": 0,
                "cv_id": 9
            },
            {
                "file": "motions/04.mtn",
                "fade_in": 0,
                "fade_out": 0,
                "cv_id": 10
            },
            {
                "file": "motions/05.mtn",
                "fade_in": 0,
                "fade_out": 0,
                "cv_id": 11
            },
            {
                "file": "motions/02_2.mtn",
                "fade_in": 0,
                "fade_out": 0,
                "cv_id": 12
            },
            {
                "file": "motions/02_2.mtn",
                "fade_in": 0,
                "fade_out": 0,
                "cv_id": 20
            }
        ]
    }
}