{
    "version": "Sample 1.0.0",
    "model": "model.moc",
    "textures": [
        "model.1024/texture_00.png"
    ],
    "hit_areas": [
        {
            "name": "head",
            "id": "D_REF.HEAD"
        },
        {
            "name": "diao",
            "id": "D_REF.DIAO"
        },
        {
            "name": "hand",
            "id": "D_REF.HAND"
        },
        {
            "name": "body",
            "id": "D_REF.BODY"
        }
    ],
    "motions": {
        "idle": [
            {
                "file": "motions/idle.mtn",
                "weight": 1
            }
        ],
        "tap_head": [
            {
                "file": "motions/touch_1.mtn",
                "sound": "sounds/FN57_0_DIALOGUE1_JP.mp3",
                "weight": 1
            },
            {
                "file": "motions/touch_2.mtn",
                "sound": "sounds/FN57_0_DIALOGUE2_JP.mp3",
                "weight": 1
            },
            {
                "file": "motions/touch_3.mtn",
                "sound": "sounds/FN57_0_DIALOGUE3_JP.mp3",
                "weight": 1
            },
            {
                "file": "motions/touch_4.mtn",
                "sound": "sounds/FN57_0_OPERATIONBEGIN_JP.mp3",
                "weight": 1
            },
            {
                "file": "motions/touch_5.mtn",
                "sound": "sounds/FN57_0_OPERATIONOVER_JP.mp3",
                "weight": 1
            }
        ],
        "tap_diao": [
            {
                "file": "motions/wait_1.mtn",
                "sound": "sounds/FN57_0_TIP_JP.mp3",
                "weight": 1
            },
            {
                "file": "motions/wait_2.mtn",
                "sound": "sounds/FN57_0_TITLECALL_JP.mp3",
                "weight": 1
            },
            {
                "file": "1",
                "sound": "sounds/FN57_0_SKILL1_JP.mp3",
                "weight": 1
            },
            {
                "file": "2",
                "sound": "sounds/FN57_0_SKILL2_JP.mp3",
                "weight": 1
            },
            {
                "file": "3",
                "sound": "sounds/FN57_0_SKILL3_JP.mp3",
                "weight": 1
            },
            {
                "file": "4",
                "sound": "sounds/FN57_0_WIN_JP.mp3",
                "weight": 1
            }
        ],
        "tap_hand": [
            {
                "file": "motions/wedding.mtn",
                "sound": "sounds/FN57_0_DIALOGUEWEDDING_JP.mp3",
                "weight": 1
            },
            {
                "file": "motions/wedding_touch.mtn",
                "sound": "sounds/FN57_0_SOULCONTRACT_JP.mp3",
                "weight": 1
            }
        ],
        "start": [
            {
                "file": "motions/login.mtn",
                "sound": "sounds/FN57_0_HELLO_JP.mp3",
                "weight": 1
            }
        ],
        "shake": [
            {
                "file": "motions/shake.mtn",
                "sound": "sounds/FN57_0_MOOD2_JP.mp3",
                "weight": 1
            }
        ],
        "tap_body": [
            {
                "name": "1",
                "sound": "sounds/FN57_0_ACCEPT_JP.mp3",
                "weight": 1
            },
            {
                "name": "2",
                "sound": "sounds/FN57_0_AGREE_JP.mp3",
                "weight": 1
            },
            {
                "name": "3",
                "sound": "sounds/FN57_0_APPRECIATE_JP.mp3",
                "weight": 1
            },
            {
                "name": "4",
                "sound": "sounds/FN57_0_ATTACK_JP.mp3",
                "weight": 1
            },
            {
                "name": "5",
                "sound": "sounds/FN57_0_BLACKACTION_JP.mp3",
                "weight": 1
            },
            {
                "name": "6",
                "sound": "sounds/FN57_0_BREAK_JP.mp3",
                "weight": 1
            },
            {
                "name": "7",
                "sound": "sounds/FN57_0_BUILDOVER_JP.mp3",
                "weight": 1
            },
            {
                "name": "8",
                "sound": "sounds/FN57_0_COMBINE_JP.mp3",
                "weight": 1
            },
            {
                "name": "9",
                "sound": "sounds/FN57_0_DEFENSE_JP.mp3",
                "weight": 1
            },
            {
                "name": "10",
                "sound": "sounds/FN57_0_FEED_JP.mp3",
                "weight": 1
            },
            {
                "name": "11",
                "sound": "sounds/FN57_0_FEELING_JP.mp3",
                "weight": 1
            },
            {
                "name": "12",
                "sound": "sounds/FN57_0_FIX_JP.mp3",
                "weight": 1
            },
            {
                "name": "13",
                "sound": "sounds/FN57_0_FORMATION_JP.mp3",
                "weight": 1
            },
            {
                "name": "14",
                "sound": "sounds/FN57_0_GAIN_JP.mp3",
                "weight": 1
            },
            {
                "name": "15",
                "sound": "sounds/FN57_0_GOATTACK_JP.mp3",
                "weight": 1
            },
            {
                "name": "16",
                "sound": "sounds/FN57_0_LOADING_JP.mp3",
                "weight": 1
            },
            {
                "name": "17",
                "sound": "sounds/FN57_0_LOWMOOD_JP.mp3",
                "weight": 1
            },
            {
                "name": "18",
                "sound": "sounds/FN57_0_MEET_JP.mp3",
                "weight": 1
            },
            {
                "name": "19",
                "sound": "sounds/FN57_0_MOOD1_JP.mp3",
                "weight": 1
            },
            {
                "name": "20",
                "sound": "sounds/FN57_0_PHRASE_JP.mp3",
                "weight": 1
            },
            {
                "name": "21",
                "sound": "sounds/FN57_0_RETREAT_JP.mp3",
                "weight": 1
            }
        ]
    },
    "physics": "physics.json",
    "lip_sync": "true",
    "auto_breath": false,
    "aniso_level": 5
}