{
    "version": "Sample 1.0.0",
    "model": "model.moc",
    "textures": [
        "model.1024/texture_00.png"
    ],
    "hit_areas": [
        {
            "name": "body",
            "id": "D_REF.BODY"
        }
    ],
    "motions": {
        "idle": [
            {
                "file": "motions/daiji_idle_01.mtn"
            }
        ],
        "tap": [
            {
                "file": "motions/wait_01.mtn"
            },
            {
                "file": "motions/wait_02.mtn"
            }
        ]
    }
}