{
    "type": "Live2D Model Setting",
    "name": "珍妮特",
    "model": "Lead_00.moc",
    "textures": [
        "textures/texture_00.png",
        "textures/texture_01.png"
    ],
    "config": {
        "scale": 1.7,
        "posX": -220,
        "posY": 390,
        "offsetX": 0,
        "offsetY": 0,
        "textPosX": 325,
        "textPosY": 280,
        "mirrorX": false
    },
    "motions": {
        "idle": [
            {
                "file": "motions/idle.mtn"
            }
        ],
        "stay": [
            {
                "file": "motions/idle.mtn"
            }
        ],
        "stay_02": [
            {
                "file": "motions/stay_02.mtn"
            }
        ],
        "stay_01": [
            {
                "file": "motions/stay_01.mtn"
            }
        ],
        "setting_01": [
            {
                "file": "motions/setting_01.mtn"
            }
        ],
        "touch_01_1": [
            {
                "file": "motions/touch_01_1.mtn"
            }
        ],
        "touch_01_2": [
            {
                "file": "motions/touch_01_2.mtn"
            }
        ],
        "touch_02_1": [
            {
                "file": "motions/touch_02_1.mtn"
            }
        ],
        "touch_02_2": [
            {
                "file": "motions/touch_02_2.mtn"
            }
        ],
        "touch_03_1": [
            {
                "file": "motions/touch_03_1.mtn"
            }
        ],
        "touch_03_2": [
            {
                "file": "motions/touch_03_2.mtn"
            }
        ],
        "touch_04": [
            {
                "file": "motions/touch_04.mtn"
            }
        ],
        "touch_99": [
            {
                "file": "motions/touch_99.mtn"
            }
        ]
    }
}