{
    "type": "Live2D Model Setting",
    "name": "rio2nd_sg_01",
    "model": "rio2nd_sg_01.moc",
    "textures": [
        "rio2nd_sg_01.2048/texture_00.png"
    ],
    "layout": {
        "center_x": 0,
        "y": 0.9,
        "height": 3.2
    },
    "hit_areas": [
        {
            "name": "head",
            "id": "D_REF_HEAD",
            "offset_x": -65,
            "offset_y": -165,
            "scale_x": 0.32,
            "scale_y": 0.38
        },
        {
            "name": "body",
            "id": "D_REF_BODY",
            "offset_x": -102,
            "offset_y": -200,
            "scale_x": 0.46,
            "scale_y": 0.35
        }
    ],
    "motions": {
        "m01": [
            {
                "file": "motions/rio2nd_m_00.mtn",
                "fade_in": 300,
                "fade_out": 0
            },
            {
                "file": "motions/rio2nd_m_00.mtn",
                "fade_in": 0,
                "fade_out": 0
            }
        ],
        "m02": [
            {
                "file": "motions/rio2nd_m_02a.mtn",
                "fade_in": 300,
                "fade_out": 0
            },
            {
                "file": "motions/rio2nd_m_02b.mtn",
                "fade_in": 0,
                "fade_out": 0
            }
        ],
        "m03": [
            {
                "file": "motions/rio2nd_m_03a.mtn",
                "fade_in": 300,
                "fade_out": 0
            },
            {
                "file": "motions/rio2nd_m_03b.mtn",
                "fade_in": 0,
                "fade_out": 0
            }
        ],
        "m04": [
            {
                "file": "motions/rio2nd_m_04a.mtn",
                "fade_in": 300,
                "fade_out": 0
            },
            {
                "file": "motions/rio2nd_m_04b.mtn",
                "fade_in": 0,
                "fade_out": 0
            }
        ],
        "m05": [
            {
                "file": "motions/rio2nd_m_05a.mtn",
                "fade_in": 300,
                "fade_out": 0
            },
            {
                "file": "motions/rio2nd_m_05b.mtn",
                "fade_in": 0,
                "fade_out": 0
            }
        ],
        "m06": [
            {
                "file": "motions/rio2nd_m_06a.mtn",
                "fade_in": 300,
                "fade_out": 0
            },
            {
                "file": "motions/rio2nd_m_06b.mtn",
                "fade_in": 0,
                "fade_out": 0
            }
        ],
        "m07": [
            {
                "file": "motions/rio2nd_m_07a.mtn",
                "fade_in": 300,
                "fade_out": 0
            },
            {
                "file": "motions/rio2nd_m_07b.mtn",
                "fade_in": 0,
                "fade_out": 0
            }
        ],
        "m08": [
            {
                "file": "motions/rio2nd_m_08a.mtn",
                "fade_in": 300,
                "fade_out": 0
            },
            {
                "file": "motions/rio2nd_m_08b.mtn",
                "fade_in": 0,
                "fade_out": 0
            }
        ],
        "m09": [
            {
                "file": "motions/rio2nd_m_09a.mtn",
                "fade_in": 300,
                "fade_out": 0
            },
            {
                "file": "motions/rio2nd_m_09b.mtn",
                "fade_in": 0,
                "fade_out": 0
            }
        ],
        "m10": [
            {
                "file": "motions/rio2nd_m_10a.mtn",
                "fade_in": 300,
                "fade_out": 0
            },
            {
                "file": "motions/rio2nd_m_10b.mtn",
                "fade_in": 0,
                "fade_out": 0
            }
        ],
        "m11": [
            {
                "file": "motions/rio2nd_m_11a.mtn",
                "fade_in": 300,
                "fade_out": 0
            },
            {
                "file": "motions/rio2nd_m_11b.mtn",
                "fade_in": 0,
                "fade_out": 0
            }
        ],
        "m12": [
            {
                "file": "motions/rio2nd_m_12a.mtn",
                "fade_in": 300,
                "fade_out": 0
            },
            {
                "file": "motions/rio2nd_m_12b.mtn",
                "fade_in": 0,
                "fade_out": 0
            }
        ],
        "m13": [
            {
                "file": "motions/rio2nd_m_13a.mtn",
                "fade_in": 300,
                "fade_out": 0
            },
            {
                "file": "motions/rio2nd_m_13b.mtn",
                "fade_in": 0,
                "fade_out": 0
            }
        ],
        "m14": [
            {
                "file": "motions/rio2nd_m_14a.mtn",
                "fade_in": 300,
                "fade_out": 0
            },
            {
                "file": "motions/rio2nd_m_14b.mtn",
                "fade_in": 0,
                "fade_out": 0
            }
        ],
        "m15": [
            {
                "file": "motions/rio2nd_m_15a.mtn",
                "fade_in": 300,
                "fade_out": 0
            },
            {
                "file": "motions/rio2nd_m_00.mtn",
                "fade_in": 0,
                "fade_out": 0
            }
        ],
        "m16": [
            {
                "file": "motions/rio2nd_m_16a.mtn",
                "fade_in": 300,
                "fade_out": 0
            },
            {
                "file": "motions/rio2nd_m_00.mtn",
                "fade_in": 0,
                "fade_out": 0
            }
        ],
        "m17": [
            {
                "file": "motions/rio2nd_m_19a.mtn",
                "fade_in": 300,
                "fade_out": 0
            },
            {
                "file": "motions/rio2nd_m_19b.mtn",
                "fade_in": 0,
                "fade_out": 0
            }
        ],
        "m18": [
            {
                "file": "motions/rio2nd_m_17a.mtn",
                "fade_in": 300,
                "fade_out": 0
            }
        ],
        "m19": [
            {
                "file": "motions/rio2nd_m_18a.mtn",
                "fade_in": 300,
                "fade_out": 0
            }
        ],
        "m20": [
            {
                "file": "motions/rio2nd_m_03a.mtn",
                "fade_in": 300,
                "fade_out": 0
            },
            {
                "file": "motions/rio2nd_m_03b.mtn",
                "fade_in": 0,
                "fade_out": 500
            },
            {
                "file": "motions/rio2nd_m_02a.mtn",
                "fade_in": 500,
                "fade_out": 0
            }
        ],
        "idle": [
            {
                "file": "motions/rio2nd_m_01.mtn",
                "fade_in": 0,
                "fade_out": 0
            },
            {
                "file": "motions/rio2nd_m_01.mtn",
                "fade_in": 0,
                "fade_out": 0
            },
            {
                "file": "motions/rio2nd_m_01.mtn",
                "fade_in": 0,
                "fade_out": 0
            },
            {
                "file": "motions/rio2nd_m_07a.mtn",
                "fade_in": 300,
                "fade_out": 0
            },
            {
                "file": "motions/rio2nd_m_07b.mtn",
                "fade_in": 0,
                "fade_out": 500
            },
            {
                "file": "motions/rio2nd_m_01.mtn",
                "fade_in": 500,
                "fade_out": 0
            },
            {
                "file": "motions/rio2nd_m_01.mtn",
                "fade_in": 0,
                "fade_out": 0
            },
            {
                "file": "motions/rio2nd_m_01.mtn",
                "fade_in": 0,
                "fade_out": 0
            },
            {
                "file": "motions/rio2nd_m_01.mtn",
                "fade_in": 0,
                "fade_out": 0
            },
            {
                "file": "motions/rio2nd_m_03a.mtn",
                "fade_in": 300,
                "fade_out": 0
            },
            {
                "file": "motions/rio2nd_m_03b.mtn",
                "fade_in": 0,
                "fade_out": 500
            },
            {
                "file": "motions/rio2nd_m_01.mtn",
                "fade_in": 500,
                "fade_out": 0
            },
            {
                "file": "motions/rio2nd_m_01.mtn",
                "fade_in": 0,
                "fade_out": 0
            },
            {
                "file": "motions/rio2nd_m_01.mtn",
                "fade_in": 0,
                "fade_out": 0
            },
            {
                "file": "motions/rio2nd_m_01.mtn",
                "fade_in": 0,
                "fade_out": 0
            },
            {
                "file": "motions/rio2nd_m_07a.mtn",
                "fade_in": 300,
                "fade_out": 0
            },
            {
                "file": "motions/rio2nd_m_07b.mtn",
                "fade_in": 0,
                "fade_out": 500
            },
            {
                "file": "motions/rio2nd_m_01.mtn",
                "fade_in": 500,
                "fade_out": 0
            },
            {
                "file": "motions/rio2nd_m_01.mtn",
                "fade_in": 0,
                "fade_out": 0
            },
            {
                "file": "motions/rio2nd_m_01.mtn",
                "fade_in": 0,
                "fade_out": 0
            },
            {
                "file": "motions/rio2nd_m_03a.mtn",
                "fade_in": 300,
                "fade_out": 0
            },
            {
                "file": "motions/rio2nd_m_03b.mtn",
                "fade_in": 0,
                "fade_out": 500
            },
            {
                "file": "motions/rio2nd_m_01.mtn",
                "fade_in": 500,
                "fade_out": 0
            }
        ]
    }
}