{
    "type": "Live2D Physics",
    "physics_hair": [
        {
            "label": "hair_frontX",
            "setup": {
                "length": 0.2,
                "regist": 0.5,
                "mass": 0.1
            },
            "src": [
                {
                    "id": "PARAM_ANGLE_X",
                    "ptype": "x",
                    "scale": 0.005,
                    "weight": 1
                },
                {
                    "id": "PARAM_ANGLE_Z",
                    "ptype": "angle",
                    "scale": 0.8,
                    "weight": 1
                }
            ],
            "targets": [
                {
                    "id": "PARAM_front_X",
                    "ptype": "angle",
                    "scale": 0.2,
                    "weight": 1
                }
            ]
        },
        {
            "label": "hair_frontW",
            "setup": {
                "length": 0.3,
                "regist": 0.4,
                "mass": 0.2
            },
            "src": [
                {
                    "id": "PARAM_ANGLE_X",
                    "ptype": "x",
                    "scale": 0.005,
                    "weight": 1
                },
                {
                    "id": "PARAM_ANGLE_Z",
                    "ptype": "angle",
                    "scale": 0.8,
                    "weight": 1
                }
            ],
            "targets": [
                {
                    "id": "PARAM_front_W",
                    "ptype": "angle",
                    "scale": 0.15,
                    "weight": 1
                }
            ]
        },
        {
            "label": "hair_frontY",
            "setup": {
                "length": 0.2,
                "regist": 0.6,
                "mass": 0.1
            },
            "src": [
                {
                    "id": "PARAM_ANGLE_Y",
                    "ptype": "y",
                    "scale": 0.02,
                    "weight": 1
                }
            ],
            "targets": [
                {
                    "id": "PARAM_front_Y",
                    "ptype": "angle",
                    "scale": 0.25,
                    "weight": 1
                }
            ]
        },
        {
            "label": "hair_sideX",
            "setup": {
                "length": 0.4,
                "regist": 0.55,
                "mass": 0.15
            },
            "src": [
                {
                    "id": "PARAM_ANGLE_X",
                    "ptype": "x",
                    "scale": 0.005,
                    "weight": 1
                },
                {
                    "id": "PARAM_ANGLE_Z",
                    "ptype": "angle",
                    "scale": 0.8,
                    "weight": 1
                }
            ],
            "targets": [
                {
                    "id": "PARAM_side_X",
                    "ptype": "angle",
                    "scale": 0.25,
                    "weight": 1
                }
            ]
        },
        {
            "label": "hair_sideW",
            "setup": {
                "length": 0.3,
                "regist": 0.4,
                "mass": 0.2
            },
            "src": [
                {
                    "id": "PARAM_ANGLE_X",
                    "ptype": "x",
                    "scale": 0.005,
                    "weight": 1
                },
                {
                    "id": "PARAM_ANGLE_Z",
                    "ptype": "angle",
                    "scale": 0.8,
                    "weight": 1
                }
            ],
            "targets": [
                {
                    "id": "PARAM_side_W",
                    "ptype": "angle",
                    "scale": 0.2,
                    "weight": 1
                }
            ]
        },
        {
            "label": "hair_sideY",
            "setup": {
                "length": 0.2,
                "regist": 0.6,
                "mass": 0.1
            },
            "src": [
                {
                    "id": "PARAM_ANGLE_Y",
                    "ptype": "y",
                    "scale": 0.02,
                    "weight": 1
                }
            ],
            "targets": [
                {
                    "id": "PARAM_side_Y",
                    "ptype": "angle",
                    "scale": 0.25,
                    "weight": 1
                }
            ]
        },
        {
            "label": "B",
            "setup": {
                "length": 0.2,
                "regist": 0.8,
                "mass": 0.8
            },
            "src": [
                {
                    "id": "PARAM_BODY_ANGLE_X",
                    "ptype": "x",
                    "scale": 0.005,
                    "weight": 1
                },
                {
                    "id": "PARAM_upperX",
                    "ptype": "angle",
                    "scale": 2.4,
                    "weight": 0.5
                },
                {
                    "id": "PARAM_BODY_Z",
                    "ptype": "angle",
                    "scale": 2.4,
                    "weight": 1
                }
            ],
            "targets": [
                {
                    "id": "PARAM_R_X",
                    "ptype": "angle",
                    "scale": 0.1,
                    "weight": 1
                },
                {
                    "id": "PARAM_R_LY",
                    "ptype": "angle",
                    "scale": 0.07,
                    "weight": 1
                },
                {
                    "id": "PARAM_R_RY",
                    "ptype": "angle",
                    "scale": -0.07,
                    "weight": 1
                }
            ]
        },
        {
            "label": "ro",
            "setup": {
                "length": 0.1,
                "regist": 0.5,
                "mass": 0.1
            },
            "src": [
                {
                    "id": "PARAM_BODY_ANGLE_X",
                    "ptype": "x",
                    "scale": 0.015,
                    "weight": 1
                },
                {
                    "id": "PARAM_upperX",
                    "ptype": "angle",
                    "scale": 2.4,
                    "weight": 0.5
                },
                {
                    "id": "PARAM_BODY_Z",
                    "ptype": "angle",
                    "scale": 2.4,
                    "weight": 1
                }
            ],
            "targets": [
                {
                    "id": "PARAM_ro",
                    "ptype": "angle",
                    "scale": 0.05,
                    "weight": 1
                },
                {
                    "id": "PARAM_bkro",
                    "ptype": "angle",
                    "scale": 0.07,
                    "weight": 1
                }
            ]
        },
        {
            "label": "hair_backXY",
            "setup": {
                "length": 0.6,
                "regist": 0.4,
                "mass": 0.2
            },
            "src": [
                {
                    "id": "PARAM_ANGLE_X",
                    "ptype": "x",
                    "scale": 0.005,
                    "weight": 1
                },
                {
                    "id": "PARAM_ANGLE_Z",
                    "ptype": "angle",
                    "scale": 0.8,
                    "weight": 1
                }
            ],
            "targets": [
                {
                    "id": "PARAM_tail_X",
                    "ptype": "angle",
                    "scale": 0.2,
                    "weight": 1
                },
                {
                    "id": "PARAM_tail_Y",
                    "ptype": "angle",
                    "scale": 0.05,
                    "weight": 1
                }
            ]
        },
        {
            "label": "hair_backW",
            "setup": {
                "length": 0.3,
                "regist": 0.8,
                "mass": 0.2
            },
            "src": [
                {
                    "id": "PARAM_ANGLE_X",
                    "ptype": "x",
                    "scale": 0.005,
                    "weight": 1
                },
                {
                    "id": "PARAM_ANGLE_Z",
                    "ptype": "angle",
                    "scale": 0.8,
                    "weight": 1
                }
            ],
            "targets": [
                {
                    "id": "PARAM_tail_W",
                    "ptype": "angle",
                    "scale": 0.05,
                    "weight": 1
                }
            ]
        },
        {
            "label": "skirtX",
            "setup": {
                "length": 0.4,
                "regist": 0.25,
                "mass": 0.3
            },
            "src": [
                {
                    "id": "PARAM_BODY_ANGLE_X",
                    "ptype": "x",
                    "scale": 0.005,
                    "weight": 1
                },
                {
                    "id": "PARAM_bodycenterX",
                    "ptype": "angle",
                    "scale": 2.4,
                    "weight": 0.5
                },
                {
                    "id": "PARAM_BODY_Z",
                    "ptype": "angle",
                    "scale": 2.4,
                    "weight": 1
                }
            ],
            "targets": [
                {
                    "id": "PARAM_skirtX",
                    "ptype": "angle",
                    "scale": 0.25,
                    "weight": 1
                },
                {
                    "id": "PARAM_sideX",
                    "ptype": "angle",
                    "scale": 0.25,
                    "weight": 1
                }
            ]
        },
        {
            "label": "skirtW",
            "setup": {
                "length": 0.4,
                "regist": 0.2,
                "mass": 0.2
            },
            "src": [
                {
                    "id": "PARAM_BODY_ANGLE_X",
                    "ptype": "x",
                    "scale": 0.005,
                    "weight": 1
                },
                {
                    "id": "PARAM_bodycenterX",
                    "ptype": "angle",
                    "scale": 2.4,
                    "weight": 0.5
                },
                {
                    "id": "PARAM_BODY_Z",
                    "ptype": "angle",
                    "scale": 2.4,
                    "weight": 1
                }
            ],
            "targets": [
                {
                    "id": "PARAM_sideW",
                    "ptype": "angle",
                    "scale": 0.25,
                    "weight": 1
                },
                {
                    "id": "PARAM_skirt_W",
                    "ptype": "angle",
                    "scale": 0.25,
                    "weight": 1
                }
            ]
        },
        {
            "label": "B1",
            "setup": {
                "length": 0.4,
                "regist": 0.9,
                "mass": 0.5
            },
            "src": [
                {
                    "id": "PARAM_BODY_ANGLE_X",
                    "ptype": "x",
                    "scale": 0.005,
                    "weight": 1
                },
                {
                    "id": "PARAM_bodycenterX",
                    "ptype": "angle",
                    "scale": 2.4,
                    "weight": 0.5
                },
                {
                    "id": "PARAM_BODY_Z",
                    "ptype": "angle",
                    "scale": 2.4,
                    "weight": 1
                }
            ],
            "targets": [
                {
                    "id": "PARAM_weapon1",
                    "ptype": "angle",
                    "scale": 0.25,
                    "weight": 1
                }
            ]
        },
        {
            "label": "B2",
            "setup": {
                "length": 0.7,
                "regist": 0.8,
                "mass": 0.7
            },
            "src": [
                {
                    "id": "PARAM_BODY_ANGLE_X",
                    "ptype": "x",
                    "scale": 0.005,
                    "weight": 1
                },
                {
                    "id": "PARAM_bodycenterX",
                    "ptype": "angle",
                    "scale": 2.4,
                    "weight": 0.5
                },
                {
                    "id": "PARAM_BODY_Z",
                    "ptype": "angle",
                    "scale": 2.4,
                    "weight": 1
                }
            ],
            "targets": [
                {
                    "id": "PARAM_weapon2",
                    "ptype": "angle",
                    "scale": 0.25,
                    "weight": 1
                }
            ]
        }
    ]
}