{
    "type": "Live2D Model Setting",
    "name": "elizabeth_8",
    "model": "model.moc",
    "textures": [
        "model.2048/texture_00.png",
        "model.2048/texture_01.png"
    ],
    "response_rate": 1.5,
    "layout": {
        "center_x": 0.04,
        "center_y": -0.19,
        "width": 2
    },
    "motions": {
        "idle": [
            {
                "file": "motions/idle.mtn",
                "fade_in": 0,
                "fade_out": 0
            },
            {
                "file": "motions/idle.mtn",
                "fade_in": 0,
                "fade_out": 0
            },
            {
                "file": "motions/idle.mtn",
                "fade_in": 0,
                "fade_out": 0
            },
            {
                "file": "motions/suiji2.mtn",
                "sound": "sound/suiji2.mp3",
                "fade_in": 0,
                "fade_out": 0
            }
        ],
        "none": [
            {
                "file": "motions/idle.mtn",
                "fade_in": 0,
                "fade_out": 0
            }
        ],
        "tap_head": [
            {
                "file": "motions/dianji.mtn",
                "fade_in": 0,
                "fade_out": 0
            }
        ],
        "tap_belly": [
            {
                "file": "motions/suiji.mtn",
                "fade_in": 0,
                "fade_out": 0
            }
        ],
        "guide": [
            {
                "file": "motions/guide.mtn",
                "fade_in": 0,
                "fade_out": 0
            }
        ]
    }
}