{
    "version": "Sample 1.0.0",
    "model": "chitose.moc",
    "textures": [
        "textures.2048/00.png"
    ],
    "motions": {
        "null": [
            {
                "file": "mtn/chitose_handwave.mtn"
            },
            {
                "file": "mtn/chitose_kime01.mtn"
            },
            {
                "file": "mtn/chitose_kime02.mtn"
            }
        ],
        "idle": [
            {
                "file": "mtn/chitose_idle.mtn"
            }
        ]
    },
    "expressions": [
        {
            "name": "f01.exp.json",
            "file": "exp/f01.exp.json"
        },
        {
            "name": "f02.exp.json",
            "file": "exp/f02.exp.json"
        },
        {
            "name": "f03.exp.json",
            "file": "exp/f03.exp.json"
        },
        {
            "name": "f04.exp.json",
            "file": "exp/f04.exp.json"
        },
        {
            "name": "f05.exp.json",
            "file": "exp/f05.exp.json"
        },
        {
            "name": "f06.exp.json",
            "file": "exp/f06.exp.json"
        },
        {
            "name": "f07.exp.json",
            "file": "exp/f07.exp.json"
        }
    ],
    "physics": "chitose.physics.json",
    "pose": "chitose.pose.json"
}