{
    "version": "Sample 1.0.0",
    "model": "Lead_00.moc",
    "textures": [
        "textures/texture_00.png",
        "textures/texture_01.png"
    ],
    "config": {
        "scale": 1.2,
        "posX": -50,
        "posY": 140,
        "offsetX": 0,
        "offsetY": 0,
        "textPosX": 325,
        "textPosY": 580,
        "mirrorX": false
    },
    "motions": {
        "idle": [
            {
                "file": "motions/idle.mtn",
                "fade_in": 0,
                "fade_out": 0
            }
        ],
        "stay": [
            {
                "file": "motions/stay.mtn",
                "fade_in": 0,
                "fade_out": 0
            }
        ],
        "favor": [
            {
                "file": "motions/favor.mtn",
                "fade_in": 0,
                "fade_out": 0
            }
        ],
        "gift": [
            {
                "file": "motions/gift.mtn",
                "fade_in": 0,
                "fade_out": 0
            }
        ],
        "setting": [
            {
                "file": "motions/setting.mtn",
                "fade_in": 0,
                "fade_out": 0
            }
        ],
        "touch_01": [
            {
                "file": "motions/touch_01.mtn",
                "fade_in": 0,
                "fade_out": 0
            }
        ],
        "touch_02": [
            {
                "file": "motions/touch_02.mtn",
                "fade_in": 0,
                "fade_out": 0,
                "sound": "16630_00301",
                "say_text": "午后的阳光很不错，就这么睡一觉吧……zzzz",
                "say_text_show_time": 10
            }
        ],
        "touch_03": [
            {
                "file": "motions/touch_03.mtn",
                "fade_in": 0,
                "fade_out": 0
            }
        ],
        "touch_04": [
            {
                "file": "motions/touch_04.mtn",
                "fade_in": 0,
                "fade_out": 0
            }
        ],
        "touch_99": [
            {
                "file": "motions/touch_99.mtn",
                "fade_in": 0,
                "fade_out": 0
            }
        ]
    },
    "hit_areas": [
        {
            "name": "touch_02",
            "id": "D_REF_PT_TOUCH02"
        }
    ]
}