{
    "version": "Sample 1.0.0",
    "model": "model.moc",
    "textures": [
        "model.1024/texture_00.png"
    ],
    "hit_areas": [
        {
            "name": "face",
            "id": "D_REF.FACE"
        },
        {
            "name": "body",
            "id": "D_REF.BODY"
        },
        {
            "name": "leg",
            "id": "D_REF.LEG"
        }
    ],
    "motions": {
        "": [
            {
                "file": "motions/broken_1.mtn",
                "weight": 1
            },
            {
                "file": "motions/broken_2.mtn",
                "weight": 1
            },
            {
                "file": "motions/broken_3.mtn",
                "weight": 1
            },
            {
                "file": "motions/broken_4.mtn",
                "weight": 1
            },
            {
                "file": "motions/broken_5.mtn",
                "weight": 1
            },
            {
                "file": "motions/wait_1.mtn",
                "weight": 1
            },
            {
                "file": "motions/login.mtn",
                "weight": 1
            },
            {
                "file": "motions/shake.mtn",
                "weight": 1
            }
        ],
        "idle": [
            {
                "file": "motions/daiji_idle_01.mtn",
                "weight": 1
            }
        ]
    },
    "physics": "physics.json",
    "aniso_level": 6
}