{
    "version": "Sample 1.0.0",
    "model": "Lead_00.moc",
    "textures": [
        "textures/texture_00.png",
        "textures/texture_01.png"
    ],
    "config": {
        "scale": 1.8,
        "posX": -260,
        "posY": 450,
        "offsetX": 0,
        "offsetY": 0,
        "textPosX": 325,
        "textPosY": 580,
        "mirrorX": false
    },
    "motions": {
        "idle": [
            {
                "file": "motions/idle.mtn",
                "fade_in": 0,
                "fade_out": 0
            }
        ],
        "stay": [
            {
                "file": "motions/stay.mtn",
                "fade_in": 0,
                "fade_out": 0
            }
        ],
        "touch_01": [
            {
                "file": "motions/touch_01.mtn",
                "fade_in": 0,
                "fade_out": 0
            }
        ],
        "touch_02": [
            {
                "file": "motions/touch_02.mtn",
                "fade_in": 0,
                "fade_out": 0
            }
        ],
        "touch_03": [
            {
                "file": "motions/touch_03.mtn",
                "fade_in": 0,
                "fade_out": 0
            }
        ],
        "touch_04": [
            {
                "file": "motions/touch_04.mtn",
                "fade_in": 0,
                "fade_out": 0
            }
        ],
        "touch_99": [
            {
                "file": "motions/touch_99.mtn",
                "fade_in": 0,
                "fade_out": 0
            }
        ],
        "gift": [
            {
                "file": "motions/gift.mtn",
                "fade_in": 0,
                "fade_out": 0
            }
        ],
        "favor": [
            {
                "file": "motions/favor.mtn",
                "fade_in": 0,
                "fade_out": 0
            }
        ],
        "setting": [
            {
                "file": "motions/setting.mtn",
                "fade_in": 0,
                "fade_out": 0
            }
        ]
    }
}