{
    "version": "Sample 1.0.0",
    "name": "yukari",
    "model": "s_yukari01.moc",
    "textures": [
        "s_yukari01.2048/texture_00.png"
    ],
    "groups": [
        {
            "target": "Parameter",
            "name": "LookAt"
        }
    ],
    "hit_areas": [
        {
            "name": "body",
            "id": "D_REF_BODY",
            "motion": "tap_body"
        },
        {
            "name": "head",
            "id": "D_REF_HEAD",
            "motion": "tap_head"
        },
        {
            "name": "leg",
            "id": "ArtMesh84"
        }
    ],
    "loop_params": [
        {
            "type": 0,
            "blend_mode": 2
        }
    ],
    "motions": {
        "idle": [
            {
                "file": "motions/yukari_m_01_idle.mtn",
                "fade_in": 0,
                "fade_out": 0
            }
        ],
        "tap_head": [
            {
                "name": "あれ",
                "file": "motions/yukari_m_03a.mtn",
                "sound": "sounds/Yk50000.ogg",
                "fade_in": 300,
                "fade_out": 0
            },
            {
                "name": "あれ",
                "file": "motions/yukari_m_03b.mtn",
                "sound": "sounds/Yk50000.ogg",
                "fade_in": 0,
                "fade_out": 500
            },
            {
                "name": "口を閉じてにっこり",
                "file": "motions/yukari_m_07a.mtn",
                "sound": "sounds/Yk10701.ogg",
                "fade_in": 300,
                "fade_out": 0
            },
            {
                "name": "口を閉じてにっこり",
                "file": "motions/yukari_m_07a.mtn",
                "sound": "sounds/Yk10701.ogg",
                "fade_in": 0,
                "fade_out": 500
            }
        ],
        "tap_body": [
            {
                "name": "照れ笑い",
                "file": "motions/yukari_m_02a.mtn",
                "fade_in": 300,
                "fade_out": 0
            },
            {
                "name": "照れ笑い",
                "file": "motions/yukari_m_02b.mtn",
                "fade_in": 0,
                "fade_out": 0
            },
            {
                "name": "落ち込んでる",
                "file": "motions/yukari_m_04a.mtn",
                "fade_in": 300,
                "fade_out": 0
            },
            {
                "name": "落ち込んでる",
                "file": "motions/yukari_m_04b.mtn",
                "fade_in": 0,
                "fade_out": 0
            },
            {
                "name": "がんばります",
                "file": "motions/yukari_m_05a.mtn",
                "fade_in": 300,
                "fade_out": 0
            },
            {
                "name": "がんばります",
                "file": "motions/yukari_m_05b.mtn",
                "fade_in": 0,
                "fade_out": 0
            },
            {
                "name": "大きく口をあけてにっこり",
                "file": "motions/yukari_m_06a.mtn",
                "sound": "sounds/Yk90001.ogg",
                "fade_in": 300,
                "fade_out": 0,
                "next_mtn": "tap_body:大きく口をあけてにっこり"
            },
            {
                "name": "大きく口をあけてにっこり",
                "file": "motions/yukari_m_06b.mtn",
                "sound": "sounds/Yk90001.ogg",
                "fade_in": 0,
                "fade_out": 0
            },
            {
                "name": "やだなー",
                "file": "motions/yukari_m_08a.mtn",
                "fade_in": 300,
                "fade_out": 0
            },
            {
                "name": "やだなー",
                "file": "motions/yukari_m_08b.mtn",
                "fade_in": 0,
                "fade_out": 0
            },
            {
                "name": "不安げな表情",
                "file": "motions/yukari_m_09b.mtn",
                "sound": "sounds/Yk50000.ogg",
                "fade_in": 0,
                "fade_out": 0
            },
            {
                "name": "不安げな表情",
                "file": "motions/yukari_m_09a.mtn",
                "sound": "sounds/Yk50000.ogg",
                "fade_in": 300,
                "fade_out": 0
            },
            {
                "name": "ビックリ",
                "file": "motions/yukari_m_10a.mtn",
                "sound": "sounds/Yk50001.ogg",
                "fade_in": 300,
                "fade_out": 0
            },
            {
                "name": "ビックリ",
                "file": "motions/yukari_m_10b.mtn",
                "sound": "sounds/Yk50001.ogg",
                "fade_in": 0,
                "fade_out": 0
            },
            {
                "name": "気合を入れてる表情",
                "file": "motions/yukari_m_11a.mtn",
                "fade_in": 300,
                "fade_out": 0
            },
            {
                "name": "気合を入れてる表情",
                "file": "motions/yukari_m_11b.mtn",
                "fade_in": 0,
                "fade_out": 0
            },
            {
                "name": "真剣",
                "file": "motions/yukari_m_12b.mtn",
                "fade_in": 0,
                "fade_out": 0
            },
            {
                "name": "真剣",
                "file": "motions/yukari_m_12a.mtn",
                "fade_in": 300,
                "fade_out": 0
            },
            {
                "name": "肯定",
                "file": "motions/yukari_m_13a.mtn",
                "fade_in": 300,
                "fade_out": 0
            },
            {
                "name": "肯定（にっこり）",
                "file": "motions/yukari_m_14a.mtn",
                "fade_in": 300,
                "fade_out": 0
            },
            {
                "name": "否定",
                "file": "motions/yukari_m_15a.mtn",
                "fade_in": 300,
                "fade_out": 0
            },
            {
                "name": "否定（落ち込んでる）",
                "file": "motions/yukari_m_16a.mtn",
                "fade_in": 300,
                "fade_out": 0
            },
            {
                "name": "ハッとする→照れ",
                "file": "motions/yukari_m_17a.mtn",
                "fade_in": 300,
                "fade_out": 0
            },
            {
                "name": "乳揺れ＆照れ驚き→照れ怒り",
                "file": "motions/yukari_m_18a.mtn",
                "sound": "sounds/Yk90002.ogg",
                "fade_in": 300,
                "fade_out": 0
            },
            {
                "name": "照れ",
                "file": "motions/yukari_m_19a.mtn",
                "sound": "sounds/Yk90002.ogg",
                "fade_in": 300,
                "fade_out": 0
            },
            {
                "name": "照れ",
                "file": "motions/yukari_m_19b.mtn",
                "sound": "sounds/Yk90002.ogg",
                "fade_in": 0,
                "fade_out": 0
            }
        ],
        "shake": [],
        "start": [],
        "tap_leg": [
            {
                "name": "不安げな表情",
                "file": "motions/yukari_m_09b.mtn",
                "fade_in": 0,
                "fade_out": 0
            },
            {
                "name": "不安げな表情",
                "file": "motions/yukari_m_09a.mtn",
                "fade_in": 300,
                "fade_out": 0
            },
            {
                "name": "ビックリ",
                "file": "motions/yukari_m_10a.mtn",
                "fade_in": 300,
                "fade_out": 0
            },
            {
                "name": "ビックリ",
                "file": "motions/yukari_m_10b.mtn",
                "fade_in": 0,
                "fade_out": 0
            },
            {
                "name": "気合を入れてる表情",
                "file": "motions/yukari_m_11a.mtn",
                "fade_in": 300,
                "fade_out": 0
            },
            {
                "name": "気合を入れてる表情",
                "file": "motions/yukari_m_11b.mtn",
                "fade_in": 0,
                "fade_out": 0
            },
            {
                "name": "真剣",
                "file": "motions/yukari_m_12b.mtn",
                "fade_in": 0,
                "fade_out": 0
            },
            {
                "name": "真剣",
                "file": "motions/yukari_m_12a.mtn",
                "fade_in": 300,
                "fade_out": 0
            },
            {
                "name": "肯定",
                "file": "motions/yukari_m_13a.mtn",
                "fade_in": 300,
                "fade_out": 0
            },
            {
                "name": "肯定（にっこり）",
                "file": "motions/yukari_m_14a.mtn",
                "fade_in": 300,
                "fade_out": 0
            }
        ]
    },
    "physics": "physics.json",
    "lip_sync": "true",
    "lip_scale": 2,
    "auto_breath": false,
    "aniso_level": 4
}