{
    "type": "Live2D Model Setting",
    "name": "w102_01",
    "model": "w102_01.moc",
    "textures": [
        "w102_01.2048/texture_00.png",
        "w102_01.2048/texture_01.png"
    ],
    "expressions": [
        {
            "name": "w102a",
            "file": "expressions/w102_a.exp.json",
            "parts_index": 0
        },
        {
            "name": "w102b",
            "file": "expressions/w102_b.exp.json",
            "parts_index": 0
        },
        {
            "name": "w102c",
            "file": "expressions/w102_c.exp.json",
            "parts_index": 0
        },
        {
            "name": "w102d",
            "file": "expressions/w102_d.exp.json",
            "parts_index": 0
        },
        {
            "name": "w102e",
            "file": "expressions/w102_e.exp.json",
            "parts_index": 0
        },
        {
            "name": "w102f",
            "file": "expressions/w102_f.exp.json",
            "parts_index": 0
        },
        {
            "name": "w102g",
            "file": "expressions/w102_g.exp.json",
            "parts_index": 0
        },
        {
            "name": "w102aa",
            "file": "expressions/w102_a.exp.json",
            "parts_index": 1
        }
    ],
    "layout": {
        "center_x": 0,
        "center_y": -0.24,
        "width": 1.66
    },
    "motions": {
        "w102a_a": [
            {
                "file": "motions/w102_base_a.mtn",
                "fade_in": 1000,
                "fade_out": 0
            },
            {
                "file": "motions/w102_base_a.mtn",
                "fade_in": 0,
                "fade_out": 0,
                "jump_index": 1
            }
        ],
        "w102a_b": [
            {
                "file": "motions/w102_base_b.mtn",
                "fade_in": 1000,
                "fade_out": 0
            },
            {
                "file": "motions/w102_base_b.mtn",
                "fade_in": 0,
                "fade_out": 0,
                "jump_index": 1
            }
        ],
        "w102a_c": [
            {
                "file": "motions/w102_base_c.mtn",
                "fade_in": 1000,
                "fade_out": 0
            },
            {
                "file": "motions/w102_base_c.mtn",
                "fade_in": 0,
                "fade_out": 0,
                "jump_index": 1
            }
        ],
        "w102h_a": [
            {
                "file": "motions/w102_h_a.mtn",
                "fade_in": 1000,
                "fade_out": 0
            },
            {
                "file": "motions/w102_h_a.mtn",
                "fade_in": 0,
                "fade_out": 0,
                "jump_index": 1
            }
        ],
        "w102h_b": [
            {
                "file": "motions/w102_h_b.mtn",
                "fade_in": 1000,
                "fade_out": 0
            },
            {
                "file": "motions/w102_h_b.mtn",
                "fade_in": 0,
                "fade_out": 0,
                "jump_index": 1
            }
        ],
        "w102h_c": [
            {
                "file": "motions/w102_h_c.mtn",
                "fade_in": 1000,
                "fade_out": 0
            },
            {
                "file": "motions/w102_h_c.mtn",
                "fade_in": 0,
                "fade_out": 0,
                "jump_index": 1
            }
        ],
        "w102h_c2": [
            {
                "file": "motions/w102_h_c.mtn",
                "fade_in": 0,
                "fade_out": 0
            },
            {
                "file": "motions/w102_h_c.mtn",
                "fade_in": 0,
                "fade_out": 0,
                "jump_index": 1
            }
        ],
        "w102i_a": [
            {
                "file": "motions/w102_i_a.mtn",
                "fade_in": 1000,
                "fade_out": 0
            },
            {
                "file": "motions/w102_i_a.mtn",
                "fade_in": 0,
                "fade_out": 0,
                "jump_index": 1
            }
        ],
        "w102i_b": [
            {
                "file": "motions/w102_i_b.mtn",
                "fade_in": 1000,
                "fade_out": 0
            },
            {
                "file": "motions/w102_i_b.mtn",
                "fade_in": 0,
                "fade_out": 0,
                "jump_index": 1
            }
        ],
        "w102i_c": [
            {
                "file": "motions/w102_i_c.mtn",
                "fade_in": 1000,
                "fade_out": 0
            },
            {
                "file": "motions/w102_i_c.mtn",
                "fade_in": 0,
                "fade_out": 0,
                "jump_index": 1
            }
        ],
        "w102j_a": [
            {
                "file": "motions/w102_j_a.mtn",
                "fade_in": 1000,
                "fade_out": 0
            },
            {
                "file": "motions/w102_j_a.mtn",
                "fade_in": 0,
                "fade_out": 0,
                "jump_index": 1
            }
        ],
        "w102j_b": [
            {
                "file": "motions/w102_j_b.mtn",
                "fade_in": 1000,
                "fade_out": 0
            },
            {
                "file": "motions/w102_j_b.mtn",
                "fade_in": 0,
                "fade_out": 0,
                "jump_index": 1
            }
        ],
        "w102j_c": [
            {
                "file": "motions/w102_j_c.mtn",
                "fade_in": 1000,
                "fade_out": 0
            },
            {
                "file": "motions/w102_j_c.mtn",
                "fade_in": 0,
                "fade_out": 0,
                "jump_index": 1
            }
        ],
        "w102k_a": [
            {
                "file": "motions/w102_k_a.mtn",
                "fade_in": 1000,
                "fade_out": 0
            },
            {
                "file": "motions/w102_k_a.mtn",
                "fade_in": 0,
                "fade_out": 0,
                "jump_index": 1
            }
        ],
        "w102k_b": [
            {
                "file": "motions/w102_k_b.mtn",
                "fade_in": 1000,
                "fade_out": 0
            },
            {
                "file": "motions/w102_k_b.mtn",
                "fade_in": 0,
                "fade_out": 0,
                "jump_index": 1
            }
        ],
        "w102k_c": [
            {
                "file": "motions/w102_k_c.mtn",
                "fade_in": 1000,
                "fade_out": 0
            },
            {
                "file": "motions/w102_k_c.mtn",
                "fade_in": 0,
                "fade_out": 0,
                "jump_index": 1
            }
        ],
        "idle": [
            {
                "file": "motions/w102_idle.mtn",
                "fade_in": 1000,
                "fade_out": 0
            },
            {
                "file": "motions/w102_idle.mtn",
                "fade_in": 0,
                "fade_out": 0,
                "jump_index": 1
            }
        ]
    }
}