{
    "name": "奶茶假日-卡米拉",
    "version": "Sample 1.0.0",
    "model": "Lead_00.moc",
    "textures": [
        "textures/texture_00.png",
        "textures/texture_01.png",
        "textures/texture_02.png"
    ],
    "config": {
        "scale": 1,
        "posX": 0,
        "posY": 0,
        "offsetX": 0,
        "offsetY": 0,
        "textPosX": 300,
        "textPosY": 550,
        "mirrorX": false
    },
    "hit_areas": [
        {
            "name": "touch_breast",
            "id": "body"
        }
    ],
    "motions": {
        "idle": [
            {
                "file": "motions/idle.mtn"
            }
        ],
        "stay": [
            {
                "file": "motions/idle.mtn"
            }
        ],
        "favor_01": [
            {
                "file": "motions/favor_01.mtn"
            }
        ],
        "touch_01": [
            {
                "file": "motions/touch_02_2.mtn"
            }
        ],
        "touch_99": [
            {
                "file": "motions/touch_99.mtn"
            }
        ],
        "touch_breast": [
            {
                "file": "motions/touch_breast.mtn",
                "sound": "14130_02",
                "say_text": "队长，欺负新人也要适可而止呀！",
                "say_text_show_time": 0
            }
        ]
    }
}