{
    "type": "Live2D Model Setting",
    "name": "11410_fute",
    "model": "Lead_00.moc",
    "textures": [
        "textures/texture_00.png",
        "textures/texture_01.png"
    ],
    "config": {
        "scale": 1.3,
        "posX": -140,
        "posY": 150,
        "offsetX": 0,
        "offsetY": 0,
        "textPosX": 300,
        "textPosY": 500,
        "mirrorX": false
    },
    "motions": {
        "idle": [
            {
                "file": "motions/idle.mtn"
            }
        ],
        "stay": [
            {
                "file": "motions/stay_01.mtn",
                "sound": "",
                "fade_in": 300,
                "fade_out": 300,
                "say_text": "唔……真好吃",
                "say_text_show_time": 0
            }
        ],
        "tap_head": [
            {
                "file": "motions/touch_01.mtn",
                "sound": "",
                "fade_in": 300,
                "fade_out": 300,
                "say_text": "嗯哼~~~",
                "say_text_show_time": 0
            }
        ],
        "tap_leg": [
            {
                "file": "motions/touch_02.mtn",
                "sound": "",
                "fade_in": 300,
                "fade_out": 300,
                "say_text": "再这样，我要生气了。",
                "say_text_show_time": 0
            }
        ],
        "tap_body": [
            {
                "file": "motions/touch_03.mtn",
                "sound": "",
                "fade_in": 300,
                "fade_out": 300,
                "say_text": "是什么东西？",
                "say_text_show_time": 0
            },
            {
                "file": "motions/move_01.mtn",
                "sound": "",
                "fade_in": 300,
                "fade_out": 300,
                "say_text": "等……等下，你想干什么",
                "say_text_show_time": 0
            }
        ],
        "tap_rightdoll": [
            {
                "file": "motions/touch_04.mtn"
            }
        ],
        "tap_pad": [
            {
                "file": "motions/touch_05.mtn",
                "sound": "",
                "fade_in": 300,
                "fade_out": 300,
                "say_text": "接下来是要做什么呢",
                "say_text_show_time": 0
            }
        ],
        "tap_leftdoll": [
            {
                "file": "motions/touch_06.mtn"
            }
        ],
        "tap_screen": [
            {
                "file": "motions/touch_07.mtn"
            }
        ],
        "tap_window": [
            {
                "file": "motions/touch_08.mtn"
            }
        ]
    },
    "hit_areas": [
        {
            "name": "tap_head",
            "id": "touch_01"
        },
        {
            "name": "tap_leg",
            "id": "touch_02"
        },
        {
            "name": "tap_body",
            "id": "touch_03"
        },
        {
            "name": "tap_rightdoll",
            "id": "touch_04"
        },
        {
            "name": "tap_pad",
            "id": "touch_05"
        },
        {
            "name": "tap_leftdoll",
            "id": "touch_06"
        },
        {
            "name": "tap_screen",
            "id": "touch_07"
        },
        {
            "name": "tap_window",
            "id": "touch_08"
        }
    ]
}