{
    "version": "Sample 1.0.0",
    "model": "Lead_00.moc",
    "config": {
        "scale": 1.7,
        "posX": -300,
        "posY": 320,
        "offsetX": 100,
        "offsetY": 0,
        "textPosX": 300,
        "textPosY": 600,
        "mirrorX": false
    },
    "textures": [
        "textures/20620.png"
    ],
    "motions": {
        "idle": [
            {
                "file": "motions/idle_01.mtn",
                "fade_in": 0,
                "fade_out": 0
            },
            {
                "file": "motions/idle_02.mtn",
                "fade_in": 0,
                "fade_out": 0
            }
        ],
        "stay": [
            {
                "file": "motions/stay_01.mtn",
                "fade_in": 300,
                "fade_out": 300
            }
        ],
        "tap_OP": [
            {
                "file": "motions/touch_03.mtn",
                "sound": "",
                "fade_in": 300,
                "fade_out": 300,
                "say_text": "小心被开除学籍哦！",
                "say_text_show_time": 0
            }
        ],
        "tap_dunpai": [
            {
                "file": "motions/touch_02.mtn",
                "sound": "",
                "say_text": "啊！！！……",
                "say_text_show_time": 0,
                "fade_in": 300,
                "fade_out": 300
            }
        ],
        "tap_FOOD": [
            {
                "file": "motions/touch_01.mtn",
                "sound": "",
                "say_text": "即使是舔我的鞋子，我也不会手下留情的。",
                "say_text_show_time": 0,
                "fade_in": 300,
                "fade_out": 300
            }
        ]
    },
    "hit_areas": [
        {
            "name": "tap_OP",
            "id": "D_REF.OP"
        },
        {
            "name": "tap_dunpai",
            "id": "D_REF.dunpai"
        },
        {
            "name": "tap_FOOD",
            "id": "D_REF.FOOD"
        }
    ],
    "physics": "physics.json"
}