{
    "version": "Sample 1.0.0",
    "model": "moc/tsumiki.moc",
    "textures": [
        "moc/tsumiki.2048/texture_00.png",
        "moc/tsumiki.2048/texture_01.png"
    ],
    "expressions": [
        {
            "name": "f01.exp.json",
            "file": "exp/f01.exp.json"
        },
        {
            "name": "f02.exp.json",
            "file": "exp/f02.exp.json"
        },
        {
            "name": "f03.exp.json",
            "file": "exp/f03.exp.json"
        },
        {
            "name": "f04.exp.json",
            "file": "exp/f04.exp.json"
        },
        {
            "name": "f05.exp.json",
            "file": "exp/f05.exp.json"
        },
        {
            "name": "f06.exp.json",
            "file": "exp/f06.exp.json"
        },
        {
            "name": "f07.exp.json",
            "file": "exp/f07.exp.json"
        },
        {
            "name": "f08.exp.json",
            "file": "exp/f08.exp.json"
        },
        {
            "name": "f09.exp.json",
            "file": "exp/f09.exp.json"
        },
        {
            "name": "f10.exp.json",
            "file": "exp/f10.exp.json"
        }
    ],
    "motions": {
        "": [
            {
                "file": "mtn/p01.mtn"
            },
            {
                "file": "mtn/tsumiki_m_01.mtn"
            },
            {
                "file": "mtn/tsumiki_m_01_df.mtn"
            },
            {
                "file": "mtn/tsumiki_m_02.mtn"
            },
            {
                "file": "mtn/tsumiki_m_03.mtn"
            },
            {
                "file": "mtn/tsumiki_m_04.mtn"
            },
            {
                "file": "mtn/tsumiki_m_05.mtn"
            },
            {
                "file": "mtn/tsumiki_m_06.mtn"
            },
            {
                "file": "mtn/tsumiki_m_07.mtn"
            },
            {
                "file": "mtn/tsumiki_m_08.mtn"
            },
            {
                "file": "mtn/tsumiki_m_09.mtn"
            },
            {
                "file": "mtn/tsumiki_m_10.mtn"
            },
            {
                "file": "mtn/tsumiki_m_11.mtn"
            },
            {
                "file": "mtn/tsumiki_m_12.mtn"
            },
            {
                "file": "mtn/tsumiki_m_13.mtn"
            },
            {
                "file": "mtn/tsumiki_m_14.mtn"
            },
            {
                "file": "mtn/tsumiki_m_15.mtn"
            },
            {
                "file": "mtn/tsumiki_m_16.mtn"
            },
            {
                "file": "mtn/tsumiki_m_17.mtn"
            },
            {
                "file": "mtn/tsumiki_m_18.mtn"
            },
            {
                "file": "mtn/tsumiki_m_19.mtn"
            },
            {
                "file": "mtn/tsumiki_m_20.mtn"
            },
            {
                "file": "mtn/tsumiki_m_21.mtn"
            },
            {
                "file": "mtn/tsumiki_m_22.mtn"
            },
            {
                "file": "mtn/tsumiki_m_24.mtn"
            },
            {
                "file": "mtn/tsumiki_m_23.mtn"
            }
        ],
        "idle": [
            {
                "file": "mtn/tsumiki_idle_01.mtn"
            }
        ]
    },
    "physics": "tsumiki.physics.json",
    "name": "tsumiki"
}