{
    "type": "Live2D Model Setting",
    "name": "v108_01",
    "model": "v108_01.moc",
    "textures": [
        "v108_01.2048/texture_00.png",
        "v108_01.2048/texture_01.png"
    ],
    "expressions": [
        {
            "name": "v108a",
            "file": "expressions/v108_a2.exp.json",
            "parts_index": 0
        },
        {
            "name": "v108a_b",
            "file": "expressions/v108_a2_b.exp.json",
            "parts_index": 0
        },
        {
            "name": "v108b",
            "file": "expressions/v108_b.exp.json",
            "parts_index": 0
        },
        {
            "name": "v108b_b",
            "file": "expressions/v108_b_b.exp.json",
            "parts_index": 0
        },
        {
            "name": "v108c",
            "file": "expressions/v108_c.exp.json",
            "parts_index": 0
        },
        {
            "name": "v108c_b",
            "file": "expressions/v108_c_b.exp.json",
            "parts_index": 0
        },
        {
            "name": "v108d",
            "file": "expressions/v108_d.exp.json",
            "parts_index": 0
        },
        {
            "name": "v108d_b",
            "file": "expressions/v108_d_b.exp.json",
            "parts_index": 0
        },
        {
            "name": "v108e",
            "file": "expressions/v108_e.exp.json",
            "parts_index": 0
        },
        {
            "name": "v108e_b",
            "file": "expressions/v108_e_b.exp.json",
            "parts_index": 0
        },
        {
            "name": "v108f",
            "file": "expressions/v108_f.exp.json",
            "parts_index": 0
        },
        {
            "name": "v108f_b",
            "file": "expressions/v108_f_b.exp.json",
            "parts_index": 0
        },
        {
            "name": "v108g",
            "file": "expressions/v108_g.exp.json",
            "parts_index": 0
        },
        {
            "name": "v108g_b",
            "file": "expressions/v108_g_b.exp.json",
            "parts_index": 0
        },
        {
            "name": "v108aa",
            "file": "expressions/v108_a2.exp.json",
            "parts_index": 1
        }
    ],
    "layout": {
        "center_x": 0,
        "center_y": -0.228,
        "width": 1.65
    },
    "motions": {
        "v108a_a": [
            {
                "file": "motions/v108_base_a.mtn",
                "fade_in": 500,
                "fade_out": 0
            },
            {
                "file": "motions/v108_base_a.mtn",
                "fade_in": 0,
                "fade_out": 0,
                "jump_index": 1
            }
        ],
        "v108a_b": [
            {
                "file": "motions/v108_base_b.mtn",
                "fade_in": 500,
                "fade_out": 0
            },
            {
                "file": "motions/v108_base_b.mtn",
                "fade_in": 0,
                "fade_out": 0,
                "jump_index": 1
            }
        ],
        "v108a_c": [
            {
                "file": "motions/v108_base_c.mtn",
                "fade_in": 500,
                "fade_out": 0
            },
            {
                "file": "motions/v108_base_c.mtn",
                "fade_in": 0,
                "fade_out": 0,
                "jump_index": 1
            }
        ],
        "v108i_a": [
            {
                "file": "motions/v108_i_a.mtn",
                "fade_in": 500,
                "fade_out": 0
            },
            {
                "file": "motions/v108_i_a.mtn",
                "fade_in": 0,
                "fade_out": 0,
                "jump_index": 1
            }
        ],
        "v108i_b": [
            {
                "file": "motions/v108_i_b.mtn",
                "fade_in": 500,
                "fade_out": 0
            },
            {
                "file": "motions/v108_i_b.mtn",
                "fade_in": 0,
                "fade_out": 0,
                "jump_index": 1
            }
        ],
        "v108i_c": [
            {
                "file": "motions/v108_i_c.mtn",
                "fade_in": 500,
                "fade_out": 0
            },
            {
                "file": "motions/v108_i_c.mtn",
                "fade_in": 0,
                "fade_out": 0,
                "jump_index": 1
            }
        ],
        "v108i2_a": [
            {
                "file": "motions/v108_i2_a.mtn",
                "fade_in": 500,
                "fade_out": 0
            },
            {
                "file": "motions/v108_i2_a.mtn",
                "fade_in": 0,
                "fade_out": 0,
                "jump_index": 1
            }
        ],
        "v108i2_b": [
            {
                "file": "motions/v108_i2_b.mtn",
                "fade_in": 500,
                "fade_out": 0
            },
            {
                "file": "motions/v108_i2_b.mtn",
                "fade_in": 0,
                "fade_out": 0,
                "jump_index": 1
            }
        ],
        "v108i2_c": [
            {
                "file": "motions/v108_i2_c.mtn",
                "fade_in": 500,
                "fade_out": 0
            },
            {
                "file": "motions/v108_i2_c.mtn",
                "fade_in": 0,
                "fade_out": 0,
                "jump_index": 1
            }
        ],
        "v108j_a": [
            {
                "file": "motions/v108_j_a.mtn",
                "fade_in": 500,
                "fade_out": 0
            },
            {
                "file": "motions/v108_j_a.mtn",
                "fade_in": 0,
                "fade_out": 0,
                "jump_index": 1
            }
        ],
        "v108j_b": [
            {
                "file": "motions/v108_j_b.mtn",
                "fade_in": 500,
                "fade_out": 0
            },
            {
                "file": "motions/v108_j_b.mtn",
                "fade_in": 0,
                "fade_out": 0,
                "jump_index": 1
            }
        ],
        "v108j_c": [
            {
                "file": "motions/v108_j_c.mtn",
                "fade_in": 500,
                "fade_out": 0
            },
            {
                "file": "motions/v108_j_c.mtn",
                "fade_in": 0,
                "fade_out": 0,
                "jump_index": 1
            }
        ],
        "v108j2_a": [
            {
                "file": "motions/v108_j2_a.mtn",
                "fade_in": 500,
                "fade_out": 0
            },
            {
                "file": "motions/v108_j2_a.mtn",
                "fade_in": 0,
                "fade_out": 0,
                "jump_index": 1
            }
        ],
        "v108j2_b": [
            {
                "file": "motions/v108_j2_b.mtn",
                "fade_in": 500,
                "fade_out": 0
            },
            {
                "file": "motions/v108_j2_b.mtn",
                "fade_in": 0,
                "fade_out": 0,
                "jump_index": 1
            }
        ],
        "v108j2_c": [
            {
                "file": "motions/v108_j2_c.mtn",
                "fade_in": 500,
                "fade_out": 0
            },
            {
                "file": "motions/v108_j2_c.mtn",
                "fade_in": 0,
                "fade_out": 0,
                "jump_index": 1
            }
        ],
        "v108k_a": [
            {
                "file": "motions/v108_k_a.mtn",
                "fade_in": 500,
                "fade_out": 0
            },
            {
                "file": "motions/v108_k_a.mtn",
                "fade_in": 0,
                "fade_out": 0,
                "jump_index": 1
            }
        ],
        "v108k_b": [
            {
                "file": "motions/v108_k_b.mtn",
                "fade_in": 500,
                "fade_out": 0
            },
            {
                "file": "motions/v108_k_b.mtn",
                "fade_in": 0,
                "fade_out": 0,
                "jump_index": 1
            }
        ],
        "v108k_c": [
            {
                "file": "motions/v108_k_c.mtn",
                "fade_in": 500,
                "fade_out": 0
            },
            {
                "file": "motions/v108_k_c.mtn",
                "fade_in": 0,
                "fade_out": 0,
                "jump_index": 1
            }
        ],
        "v108k2_a": [
            {
                "file": "motions/v108_k2_a.mtn",
                "fade_in": 500,
                "fade_out": 0
            },
            {
                "file": "motions/v108_k2_a.mtn",
                "fade_in": 0,
                "fade_out": 0,
                "jump_index": 1
            }
        ],
        "v108k2_b": [
            {
                "file": "motions/v108_k2_b.mtn",
                "fade_in": 500,
                "fade_out": 0
            },
            {
                "file": "motions/v108_k2_b.mtn",
                "fade_in": 0,
                "fade_out": 0,
                "jump_index": 1
            }
        ],
        "v108k2_c": [
            {
                "file": "motions/v108_k2_c.mtn",
                "fade_in": 500,
                "fade_out": 0
            },
            {
                "file": "motions/v108_k2_c.mtn",
                "fade_in": 0,
                "fade_out": 0,
                "jump_index": 1
            }
        ],
        "v108l_a": [
            {
                "file": "motions/v108_l_a.mtn",
                "fade_in": 500,
                "fade_out": 0
            },
            {
                "file": "motions/v108_l_a.mtn",
                "fade_in": 0,
                "fade_out": 0,
                "jump_index": 1
            }
        ],
        "v108l_b": [
            {
                "file": "motions/v108_l_b.mtn",
                "fade_in": 500,
                "fade_out": 0
            },
            {
                "file": "motions/v108_l_b.mtn",
                "fade_in": 0,
                "fade_out": 0,
                "jump_index": 1
            }
        ],
        "v108l_c": [
            {
                "file": "motions/v108_l_c.mtn",
                "fade_in": 500,
                "fade_out": 0
            },
            {
                "file": "motions/v108_l_c.mtn",
                "fade_in": 0,
                "fade_out": 0,
                "jump_index": 1
            }
        ],
        "v108l2_a": [
            {
                "file": "motions/v108_l2_a.mtn",
                "fade_in": 500,
                "fade_out": 0
            },
            {
                "file": "motions/v108_l2_a.mtn",
                "fade_in": 0,
                "fade_out": 0,
                "jump_index": 1
            }
        ],
        "v108l2_b": [
            {
                "file": "motions/v108_l2_b.mtn",
                "fade_in": 500,
                "fade_out": 0
            },
            {
                "file": "motions/v108_l2_b.mtn",
                "fade_in": 0,
                "fade_out": 0,
                "jump_index": 1
            }
        ],
        "v108l2_c": [
            {
                "file": "motions/v108_l2_c.mtn",
                "fade_in": 500,
                "fade_out": 0
            },
            {
                "file": "motions/v108_l2_c.mtn",
                "fade_in": 0,
                "fade_out": 0,
                "jump_index": 1
            }
        ],
        "idle": [
            {
                "file": "motions/v108_idle.mtn",
                "fade_in": 1000,
                "fade_out": 0
            },
            {
                "file": "motions/v108_idle.mtn",
                "fade_in": 0,
                "fade_out": 0,
                "jump_index": 1
            }
        ]
    }
}