{
    "version": "Sample 1.0.0",
    "model": "model.moc",
    "textures": [
        "model.1024/texture_00.png"
    ],
    "motions": {
        "": [
            {
                "file": "motions/broken_1.mtn"
            },
            {
                "file": "motions/broken_2.mtn"
            },
            {
                "file": "motions/broken_3.mtn"
            },
            {
                "file": "motions/broken_4.mtn"
            },
            {
                "file": "motions/broken_5.mtn"
            },
            {
                "file": "motions/login.mtn"
            },
            {
                "file": "motions/shake.mtn"
            }
        ],
        "idle": [
            {
                "file": "motions/daiji_idle_01.mtn"
            }
        ]
    },
    "hit_areas": [
        {
            "name": "head",
            "id": "D_REF_HEAD"
        },
        {
            "name": "leg",
            "id": "D_REF_LEG"
        },
        {
            "name": "body",
            "id": "D_REF_BODY"
        }
    ]
}