{
    "type": "Live2D Model Setting",
    "name": "s_yukari01",
    "model": "s_yukari01.moc",
    "textures": [
        "s_yukari01.2048/texture_00.png"
    ],
    "layout": {
        "center_x": 0,
        "y": 0.45,
        "height": 2.6
    },
    "hit_areas": [
        {
            "name": "head",
            "id": "D_REF_HEAD",
            "offset_x": 205,
            "offset_y": 205,
            "scale_x": 0.36,
            "scale_y": 0.35
        },
        {
            "name": "body",
            "id": "D_REF_BODY",
            "offset_x": 190,
            "offset_y": 155,
            "scale_x": 0.4,
            "scale_y": 0.4
        }
    ],
    "motions": {
        "m01": [
            {
                "file": "motions/yukari_m_01_idle.mtn",
                "fade_in": 300,
                "fade_out": 0
            },
            {
                "file": "motions/yukari_m_01_idle.mtn",
                "fade_in": 0,
                "fade_out": 0
            }
        ],
        "m02": [
            {
                "file": "motions/yukari_m_02a.mtn",
                "fade_in": 300,
                "fade_out": 0
            },
            {
                "file": "motions/yukari_m_02b.mtn",
                "fade_in": 0,
                "fade_out": 0
            }
        ],
        "m03": [
            {
                "file": "motions/yukari_m_03a.mtn",
                "fade_in": 300,
                "fade_out": 0
            },
            {
                "file": "motions/yukari_m_03b.mtn",
                "fade_in": 0,
                "fade_out": 0
            }
        ],
        "m04": [
            {
                "file": "motions/yukari_m_04a.mtn",
                "fade_in": 300,
                "fade_out": 0
            },
            {
                "file": "motions/yukari_m_04b.mtn",
                "fade_in": 0,
                "fade_out": 0
            }
        ],
        "m05": [
            {
                "file": "motions/yukari_m_05a.mtn",
                "fade_in": 300,
                "fade_out": 0
            },
            {
                "file": "motions/yukari_m_05b.mtn",
                "fade_in": 0,
                "fade_out": 0
            }
        ],
        "m06": [
            {
                "file": "motions/yukari_m_06a.mtn",
                "fade_in": 300,
                "fade_out": 0
            },
            {
                "file": "motions/yukari_m_06b.mtn",
                "fade_in": 0,
                "fade_out": 0
            }
        ],
        "m07": [
            {
                "file": "motions/yukari_m_07a.mtn",
                "fade_in": 300,
                "fade_out": 0
            },
            {
                "file": "motions/yukari_m_07b.mtn",
                "fade_in": 0,
                "fade_out": 0
            }
        ],
        "m08": [
            {
                "file": "motions/yukari_m_08a.mtn",
                "fade_in": 300,
                "fade_out": 0
            },
            {
                "file": "motions/yukari_m_08b.mtn",
                "fade_in": 0,
                "fade_out": 0
            }
        ],
        "m09": [
            {
                "file": "motions/yukari_m_09a.mtn",
                "fade_in": 300,
                "fade_out": 0
            },
            {
                "file": "motions/yukari_m_09b.mtn",
                "fade_in": 0,
                "fade_out": 0
            }
        ],
        "m10": [
            {
                "file": "motions/yukari_m_10a.mtn",
                "fade_in": 300,
                "fade_out": 0
            },
            {
                "file": "motions/yukari_m_10b.mtn",
                "fade_in": 0,
                "fade_out": 0
            }
        ],
        "m11": [
            {
                "file": "motions/yukari_m_11a.mtn",
                "fade_in": 300,
                "fade_out": 0
            },
            {
                "file": "motions/yukari_m_11b.mtn",
                "fade_in": 0,
                "fade_out": 0
            }
        ],
        "m12": [
            {
                "file": "motions/yukari_m_12a.mtn",
                "fade_in": 300,
                "fade_out": 0
            },
            {
                "file": "motions/yukari_m_12b.mtn",
                "fade_in": 0,
                "fade_out": 0
            }
        ],
        "m13": [
            {
                "file": "motions/yukari_m_13a.mtn",
                "fade_in": 300,
                "fade_out": 0
            },
            {
                "file": "motions/yukari_m_01_idle.mtn",
                "fade_in": 0,
                "fade_out": 0
            }
        ],
        "m14": [
            {
                "file": "motions/yukari_m_14a.mtn",
                "fade_in": 300,
                "fade_out": 0
            },
            {
                "file": "motions/yukari_m_01_idle.mtn",
                "fade_in": 0,
                "fade_out": 0
            }
        ],
        "m15": [
            {
                "file": "motions/yukari_m_15a.mtn",
                "fade_in": 300,
                "fade_out": 0
            },
            {
                "file": "motions/yukari_m_01_idle.mtn",
                "fade_in": 0,
                "fade_out": 0
            }
        ],
        "m16": [
            {
                "file": "motions/yukari_m_16a.mtn",
                "fade_in": 300,
                "fade_out": 0
            },
            {
                "file": "motions/yukari_m_01_idle.mtn",
                "fade_in": 0,
                "fade_out": 0
            }
        ],
        "m17": [
            {
                "file": "motions/yukari_m_17a.mtn",
                "fade_in": 300,
                "fade_out": 0
            }
        ],
        "m18": [
            {
                "file": "motions/yukari_m_18a.mtn",
                "fade_in": 300,
                "fade_out": 0
            }
        ],
        "m19": [
            {
                "file": "motions/yukari_m_19a.mtn",
                "fade_in": 300,
                "fade_out": 0
            },
            {
                "file": "motions/yukari_m_19b.mtn",
                "fade_in": 0,
                "fade_out": 0
            }
        ],
        "idle": [
            {
                "file": "motions/yukari_m_01_idle.mtn",
                "fade_in": 0,
                "fade_out": 0
            },
            {
                "file": "motions/yukari_m_01_idle.mtn",
                "fade_in": 0,
                "fade_out": 0
            },
            {
                "file": "motions/yukari_m_07a.mtn",
                "fade_in": 300,
                "fade_out": 0
            },
            {
                "file": "motions/yukari_m_07b.mtn",
                "fade_in": 0,
                "fade_out": 500
            },
            {
                "file": "motions/yukari_m_01_idle.mtn",
                "fade_in": 500,
                "fade_out": 0
            },
            {
                "file": "motions/yukari_m_01_idle.mtn",
                "fade_in": 0,
                "fade_out": 0
            },
            {
                "file": "motions/yukari_m_01_idle.mtn",
                "fade_in": 0,
                "fade_out": 0
            },
            {
                "file": "motions/yukari_m_03a.mtn",
                "fade_in": 300,
                "fade_out": 0
            },
            {
                "file": "motions/yukari_m_03b.mtn",
                "fade_in": 0,
                "fade_out": 500
            },
            {
                "file": "motions/yukari_m_01_idle.mtn",
                "fade_in": 500,
                "fade_out": 0
            },
            {
                "file": "motions/yukari_m_01_idle.mtn",
                "fade_in": 0,
                "fade_out": 0
            },
            {
                "file": "motions/yukari_m_01_idle.mtn",
                "fade_in": 0,
                "fade_out": 0
            },
            {
                "file": "motions/yukari_m_07a.mtn",
                "fade_in": 300,
                "fade_out": 0
            },
            {
                "file": "motions/yukari_m_07b.mtn",
                "fade_in": 0,
                "fade_out": 500
            },
            {
                "file": "motions/yukari_m_01_idle.mtn",
                "fade_in": 500,
                "fade_out": 0
            },
            {
                "file": "motions/yukari_m_01_idle.mtn",
                "fade_in": 0,
                "fade_out": 0
            },
            {
                "file": "motions/yukari_m_03a.mtn",
                "fade_in": 300,
                "fade_out": 0
            },
            {
                "file": "motions/yukari_m_03b.mtn",
                "fade_in": 0,
                "fade_out": 500
            },
            {
                "file": "motions/yukari_m_01_idle.mtn",
                "fade_in": 500,
                "fade_out": 0
            }
        ]
    }
}