{
    "name": "睡衣风魔胧",
    "model": "Lead_00.moc",
    "textures": [
        "textures/texture_00.png",
        "textures/texture_01.png"
    ],
    "hit_areas": [
        {
            "name": "tap_D_PSD.09",
            "id": "D_PSD_09"
        }
    ],
    "motions": {
        "idle": [
            {
                "file": "mot/idle.mtn",
                "weight": 1
            }
        ],
        "stay": [
            {
                "file": "mot/stay_01.mtn",
                "fade_in": 300,
                "fade_out": 300,
                "say_text": "我刚研磨了新配方的毒药，该去找谁试下呢？",
                "weight": 1,
                "sound": "120_00601",
                "say_text_show_time": 4
            },
            {
                "file": "mot/stay_02.mtn",
                "fade_in": 300,
                "fade_out": 300,
                "say_text": "我发誓，风魔一族将在我的手上重放荣光！",
                "weight": 1,
                "sound": "120_00301",
                "say_text_show_time": 5
            }
        ],
        "tap_D_PSD.09": [
            {
                "file": "mot/touch_pangci.mtn",
                "sound": "120_00701",
                "fade_in": 300,
                "fade_out": 300,
                "say_text": "你摸我做什么？是不是想从我身上盗取我祖传的秘术之卷！",
                "say_text_show_time": 10,
                "weight": 1
            }
        ],
        "tap_room": [
            {
                "file": "mot/room_01.mtn"
            }
        ],
        "tap_kanban": [
            {
                "file": "mot/setting_01.mtn"
            }
        ],
        "tap_gift": [
            {
                "file": "mot/gift_01.mtn"
            }
        ],
        "tap_favor": [
            {
                "file": "mot/favor_01.mtn"
            }
        ],
        "tap_sleep": [
            {
                "file": "mot/sleep_01.mtn"
            }
        ],
        "tap_touch01": [
            {
                "file": "mot/touch_01_1.mtn"
            }
        ],
        "tap_touch02": [
            {
                "file": "mot/touch_01_2.mtn"
            }
        ],
        "tap_touch03": [
            {
                "file": "mot/touch_02_1.mtn"
            }
        ],
        "tap_touch04": [
            {
                "file": "mot/touch_02_2.mtn"
            }
        ],
        "tap_touch05": [
            {
                "file": "mot/touch_03_1.mtn"
            }
        ],
        "tap_touch06": [
            {
                "file": "mot/touch_03_2.mtn"
            }
        ],
        "tap_fanu": [
            {
                "file": "mot/touch_99.mtn"
            }
        ],
        "tap_zhengchang": [
            {
                "file": "mot/touch_02_1.mtn"
            }
        ],
        "tap_kaixin": [
            {
                "file": "mot/touch_02_2.mtn"
            }
        ],
        "tap_haixiu": [
            {
                "file": "mot/touch_03_2.mtn"
            }
        ],
        "tap_aichou": [
            {
                "file": "mot/stay_02.mtn"
            }
        ]
    },
    "config": {
        "scale": 1.5,
        "posX": -230,
        "posY": 110,
        "offsetX": 90,
        "offsetY": -40,
        "textPosX": 300,
        "textPosY": 600,
        "mirrorX": false
    },
    "physics": "physics.json",
    "aniso_level": 9
}