{
    "type": "Live2D Physics",
    "physics_hair": [
        {
            "label": "髪",
            "setup": {
                "length": 0.3,
                "regist": 0.1,
                "mass": 0.1
            },
            "src": [
                {
                    "id": "PARAM_ANGLE_X",
                    "ptype": "x",
                    "scale": 0.015,
                    "weight": 0.5
                },
                {
                    "id": "PARAM_ANGLE_Z",
                    "ptype": "angle",
                    "scale": 0.8,
                    "weight": 0.5
                },
                {
                    "id": "PARAM_ANGLE_Y",
                    "ptype": "x",
                    "scale": 0.015,
                    "weight": 0.5
                },
                {
                    "id": "PARAM_BODY_ANGLE_X",
                    "ptype": "x",
                    "scale": 0.05,
                    "weight": 1
                },
                {
                    "id": "PARAM_BODY_ANGLE_Z",
                    "ptype": "x",
                    "scale": 0.05,
                    "weight": 1
                }
            ],
            "targets": [
                {
                    "id": "PARAM_HAIR_FRONT",
                    "ptype": "angle",
                    "scale": 0.015,
                    "weight": 1
                },
                {
                    "id": "PARAM_HAIR_SIDE",
                    "ptype": "angle",
                    "scale": 0.015,
                    "weight": 1
                },
                {
                    "id": "PARAM_HAIR_BACK",
                    "ptype": "angle",
                    "scale": 0.015,
                    "weight": 1
                }
            ]
        },
        {
            "label": "マフラー",
            "setup": {
                "length": 0.5,
                "regist": 1,
                "mass": 0.1
            },
            "src": [
                {
                    "id": "PARAM_BODY_ANGLE_X",
                    "ptype": "x",
                    "scale": 0.3,
                    "weight": 0.1
                },
                {
                    "id": "PARAM_BODY_ANGLE_Z",
                    "ptype": "x",
                    "scale": 0.3,
                    "weight": 0.2
                },
                {
                    "id": "PARAM_SHENLAILYAO",
                    "ptype": "x",
                    "scale": 1,
                    "weight": 0.7
                },
                {
                    "id": "PARAM_SHENTI",
                    "ptype": "x",
                    "scale": 1,
                    "weight": 1
                }
            ],
            "targets": [
                {
                    "id": "PARAM_WEIJINPIAODAI",
                    "ptype": "angle",
                    "scale": 0.05,
                    "weight": 0.3
                },
                {
                    "id": "PARAM_WEIJINPIAODAI2",
                    "ptype": "angle",
                    "scale": 0.05,
                    "weight": 0.3
                }
            ]
        },
        {
            "label": "A",
            "setup": {
                "length": 0.5,
                "regist": 1,
                "mass": 0.1
            },
            "src": [
                {
                    "id": "PARAM_BODY_ANGLE_X",
                    "ptype": "x",
                    "scale": 0.7,
                    "weight": 0.5
                },
                {
                    "id": "PARAM_BODY_ANGLE_Z",
                    "ptype": "x",
                    "scale": 0.3,
                    "weight": 0.2
                },
                {
                    "id": "PARAM_SHENTI",
                    "ptype": "x",
                    "scale": 1,
                    "weight": 0.2
                },
                {
                    "id": "PARAM_SHENLAILYAO",
                    "ptype": "x",
                    "scale": 1,
                    "weight": 0.2
                }
            ],
            "targets": [
                {
                    "id": "PARAM_PIAODAI_A",
                    "ptype": "angle",
                    "scale": 0.05,
                    "weight": 0.01
                },
                {
                    "id": "PARAM_PIAODAI_A_Y",
                    "ptype": "angle",
                    "scale": 0.05,
                    "weight": 0.01
                },
                {
                    "id": "PARAM_1",
                    "ptype": "angle",
                    "scale": 0.05,
                    "weight": 0.01
                }
            ]
        },
        {
            "label": "B",
            "setup": {
                "length": 0.5,
                "regist": 1,
                "mass": 0.1
            },
            "src": [
                {
                    "id": "PARAM_BODY_ANGLE_X",
                    "ptype": "x",
                    "scale": 0.3,
                    "weight": 0.1
                },
                {
                    "id": "PARAM_BODY_ANGLE_Z",
                    "ptype": "x",
                    "scale": 0.3,
                    "weight": 0.2
                },
                {
                    "id": "PARAM_SHENLAILYAO",
                    "ptype": "x",
                    "scale": 1,
                    "weight": 0.7
                },
                {
                    "id": "PARAM_SHENTI",
                    "ptype": "x",
                    "scale": 1,
                    "weight": 1
                }
            ],
            "targets": [
                {
                    "id": "PARAM_PIAODAI_B",
                    "ptype": "angle",
                    "scale": 0.05,
                    "weight": 0.01
                },
                {
                    "id": "PARAM_PIAODAI_B_Y",
                    "ptype": "angle",
                    "scale": 0.05,
                    "weight": 0.01
                },
                {
                    "id": "PARAM_2",
                    "ptype": "angle",
                    "scale": 0.05,
                    "weight": 0.01
                }
            ]
        },
        {
            "label": "C",
            "setup": {
                "length": 0.5,
                "regist": 1,
                "mass": 0.1
            },
            "src": [
                {
                    "id": "PARAM_BODY_ANGLE_X",
                    "ptype": "x",
                    "scale": 0.3,
                    "weight": 0.1
                },
                {
                    "id": "PARAM_BODY_ANGLE_Z",
                    "ptype": "x",
                    "scale": 0.3,
                    "weight": 0.2
                },
                {
                    "id": "PARAM_SHENLAILYAO",
                    "ptype": "x",
                    "scale": 1,
                    "weight": 0.7
                },
                {
                    "id": "PARAM_SHENTI",
                    "ptype": "x",
                    "scale": 1,
                    "weight": 1
                }
            ],
            "targets": [
                {
                    "id": "PARAM_PIAODAI_C",
                    "ptype": "angle",
                    "scale": 0.05,
                    "weight": 0.01
                },
                {
                    "id": "PARAM_PIAODAI_C_Y",
                    "ptype": "angle",
                    "scale": 0.05,
                    "weight": 0.01
                },
                {
                    "id": "PARAM_3",
                    "ptype": "angle",
                    "scale": 0.05,
                    "weight": 0.01
                },
                {
                    "id": "PARAM_4",
                    "ptype": "angle",
                    "scale": 0.05,
                    "weight": 0.01
                }
            ]
        },
        {
            "label": "D",
            "setup": {
                "length": 0.5,
                "regist": 1,
                "mass": 0.1
            },
            "src": [
                {
                    "id": "PARAM_BODY_ANGLE_X",
                    "ptype": "x",
                    "scale": 0.3,
                    "weight": 0.1
                },
                {
                    "id": "PARAM_BODY_ANGLE_Z",
                    "ptype": "x",
                    "scale": 0.3,
                    "weight": 0.2
                },
                {
                    "id": "PARAM_SHENLAILYAO",
                    "ptype": "x",
                    "scale": 1,
                    "weight": 0.7
                },
                {
                    "id": "PARAM_SHENTI",
                    "ptype": "x",
                    "scale": 1,
                    "weight": 1
                }
            ],
            "targets": [
                {
                    "id": "PARAM_PIAODAI_D",
                    "ptype": "angle",
                    "scale": 0.05,
                    "weight": 0.01
                },
                {
                    "id": "PARAM_PIAODAI_D_Y",
                    "ptype": "angle",
                    "scale": 0.05,
                    "weight": 0.01
                }
            ]
        }
    ]
}