{
    "type": "Live2D Model Setting",
    "name": "s_yayoi_01",
    "model": "s_yayoi_01.moc",
    "textures": [
        "s_yayoi_01.2048/texture_00.png"
    ],
    "physics": "s_yayoi_01.physics.json",
    "layout": {
        "center_x": 0.06,
        "y": 0.99,
        "height": 3.4
    },
    "hit_areas": [
        {
            "name": "head",
            "id": "D_REF_HEAD",
            "offset_x": 0,
            "offset_y": 50,
            "scale_x": 0.6,
            "scale_y": 0.7
        },
        {
            "name": "body",
            "id": "D_REF_BODY",
            "offset_x": -3,
            "offset_y": 12,
            "scale_x": 0.82,
            "scale_y": 0.68
        }
    ],
    "motions": {
        "m01": [
            {
                "file": "motions/idle_a.mtn",
                "fade_in": 300,
                "fade_out": 0
            }
        ],
        "m02": [
            {
                "file": "motions/m02.mtn",
                "fade_in": 300,
                "fade_out": 0
            }
        ],
        "m03": [
            {
                "file": "motions/m03.mtn",
                "fade_in": 300,
                "fade_out": 0
            }
        ],
        "m04": [
            {
                "file": "motions/m04.mtn",
                "fade_in": 300,
                "fade_out": 0
            }
        ],
        "m05": [
            {
                "file": "motions/m05.mtn",
                "fade_in": 300,
                "fade_out": 0
            }
        ],
        "m06": [
            {
                "file": "motions/m06.mtn",
                "fade_in": 300,
                "fade_out": 0
            }
        ],
        "m07": [
            {
                "file": "motions/m07.mtn",
                "fade_in": 300,
                "fade_out": 0
            }
        ],
        "m08": [
            {
                "file": "motions/m08.mtn",
                "fade_in": 300,
                "fade_out": 0
            }
        ],
        "m09": [
            {
                "file": "motions/m09.mtn",
                "fade_in": 300,
                "fade_out": 0
            }
        ],
        "m10": [
            {
                "file": "motions/m10.mtn",
                "fade_in": 300,
                "fade_out": 0
            }
        ],
        "m11": [
            {
                "file": "motions/m11.mtn",
                "fade_in": 300,
                "fade_out": 0
            }
        ],
        "m12": [
            {
                "file": "motions/m12.mtn",
                "fade_in": 300,
                "fade_out": 0
            }
        ],
        "m17": [
            {
                "file": "motions/m17.mtn",
                "fade_in": 300,
                "fade_out": 0
            }
        ],
        "m18": [
            {
                "file": "motions/m18.mtn",
                "fade_in": 300,
                "fade_out": 0
            }
        ],
        "m19": [
            {
                "file": "motions/m03.mtn",
                "fade_in": 300,
                "fade_out": 0
            },
            {
                "file": "motions/m27.mtn",
                "fade_in": 300,
                "fade_out": 0
            }
        ],
        "m20": [
            {
                "file": "motions/m20.mtn",
                "fade_in": 300,
                "fade_out": 0
            }
        ],
        "m21": [
            {
                "file": "motions/m21.mtn",
                "fade_in": 300,
                "fade_out": 0
            }
        ],
        "m22": [
            {
                "file": "motions/m22.mtn",
                "fade_in": 300,
                "fade_out": 0
            }
        ],
        "m23": [
            {
                "file": "motions/m23.mtn",
                "fade_in": 300,
                "fade_out": 0
            }
        ],
        "m24": [
            {
                "file": "motions/m24.mtn",
                "fade_in": 300,
                "fade_out": 0
            }
        ],
        "m25": [
            {
                "file": "motions/m25.mtn",
                "fade_in": 300,
                "fade_out": 0
            }
        ],
        "m26": [
            {
                "file": "motions/m26.mtn",
                "fade_in": 300,
                "fade_out": 0
            }
        ],
        "m27": [
            {
                "file": "motions/m27.mtn",
                "fade_in": 300,
                "fade_out": 0
            }
        ],
        "m28": [
            {
                "file": "motions/m28.mtn",
                "fade_in": 300,
                "fade_out": 0
            }
        ],
        "idle": [
            {
                "file": "motions/idle_b.mtn",
                "fade_in": 0,
                "fade_out": 0
            },
            {
                "file": "motions/idle_b.mtn",
                "fade_in": 0,
                "fade_out": 0
            },
            {
                "file": "motions/m27.mtn",
                "fade_in": 300,
                "fade_out": 0
            },
            {
                "file": "motions/idle_b.mtn",
                "fade_in": 500,
                "fade_out": 0
            },
            {
                "file": "motions/idle_b.mtn",
                "fade_in": 0,
                "fade_out": 0
            },
            {
                "file": "motions/idle_b.mtn",
                "fade_in": 0,
                "fade_out": 0
            },
            {
                "file": "motions/m04.mtn",
                "fade_in": 300,
                "fade_out": 0
            },
            {
                "file": "motions/idle_b.mtn",
                "fade_in": 500,
                "fade_out": 0
            },
            {
                "file": "motions/idle_b.mtn",
                "fade_in": 0,
                "fade_out": 0
            },
            {
                "file": "motions/idle_b.mtn",
                "fade_in": 0,
                "fade_out": 0
            },
            {
                "file": "motions/m27.mtn",
                "fade_in": 300,
                "fade_out": 0
            },
            {
                "file": "motions/idle_b.mtn",
                "fade_in": 500,
                "fade_out": 0
            },
            {
                "file": "motions/idle_b.mtn",
                "fade_in": 0,
                "fade_out": 0
            },
            {
                "file": "motions/m04.mtn",
                "fade_in": 300,
                "fade_out": 0
            },
            {
                "file": "motions/idle_b.mtn",
                "fade_in": 500,
                "fade_out": 0
            }
        ]
    }
}