{
    "type": "Live2D Model Setting",
    "name": "圣诞索菲亚_机器人",
    "model": "Lead_00.moc",
    "textures": [
        "textures/texture_00.png"
    ],
    "config": {
        "scale": 1.5,
        "posX": -230,
        "posY": 110,
        "offsetX": 90,
        "offsetY": -40,
        "textPosX": 300,
        "textPosY": 600,
        "mirrorX": false
    },
    "motions": {
        "idle": [
            {
                "file": "motions/idle.mtn",
                "fade_in": 0,
                "fade_out": 0
            }
        ],
        "stay": [
            {
                "file": "motions/idle.mtn",
                "fade_in": 0,
                "fade_out": 0
            }
        ],
        "slide_robot": [
            {
                "file": "motions/idle.mtn"
            }
        ]
    },
    "hit_areas": [
        {
            "name": "tap_ROBOT",
            "id": "HitAreaRobot2"
        },
        {
            "name": "tap_GIFT_X",
            "id": "HitAreaRobot2"
        },
        {
            "name": "tap_GIFT_Y",
            "id": "HitAreaRobot2"
        }
    ],
    "hit_params": [
        {
            "id": "ParamRobotBArm1",
            "hit_area": "tap_GIFT_X",
            "axis": 0,
            "weight": 1,
            "distance": 200
        },
        {
            "id": "ParamRobotBArm2",
            "hit_area": "tap_GIFT_Y",
            "axis": 0,
            "weight": 1,
            "distance": 200
        }
    ]
}