{
    "version": "Sample 1.0.0",
    "model": "seifuku.moc",
    "textures": [
        "seifuku.1024/L2DOTH_U_00.png",
        "seifuku.1024/L2DOTH_U_01.png",
        "seifuku.1024/L2DOTH_U_02.png"
    ],
    "motions": {
        "idle": [
            {
                "file": "seifuku.motions/motion1.mtn"
            },
            {
                "file": "seifuku.motions/motion7.mtn"
            }
        ],
        "tap": [
            {
                "file": "seifuku.motions/motion10.mtn"
            },
            {
                "file": "seifuku.motions/motion11.mtn"
            },
            {
                "file": "seifuku.motions/motion12.mtn"
            },
            {
                "file": "seifuku.motions/motion13.mtn"
            },
            {
                "file": "seifuku.motions/motion14.mtn"
            },
            {
                "file": "seifuku.motions/motion15.mtn"
            },
            {
                "file": "seifuku.motions/motion2.mtn"
            },
            {
                "file": "seifuku.motions/motion3.mtn"
            },
            {
                "file": "seifuku.motions/motion4.mtn"
            },
            {
                "file": "seifuku.motions/motion5.mtn"
            },
            {
                "file": "seifuku.motions/motion6.mtn"
            },
            {
                "file": "seifuku.motions/motion8.mtn"
            },
            {
                "file": "seifuku.motions/motion9.mtn"
            }
        ]
    },
    "expressions": [
        {
            "name": "f01.exp.json",
            "file": "expressions/f01.exp.json"
        },
        {
            "name": "f02.exp.json",
            "file": "expressions/f02.exp.json"
        },
        {
            "name": "f03.exp.json",
            "file": "expressions/f03.exp.json"
        },
        {
            "name": "f04.exp.json",
            "file": "expressions/f04.exp.json"
        },
        {
            "name": "f05.exp.json",
            "file": "expressions/f05.exp.json"
        },
        {
            "name": "f06.exp.json",
            "file": "expressions/f06.exp.json"
        },
        {
            "name": "f07.exp.json",
            "file": "expressions/f07.exp.json"
        },
        {
            "name": "f08.exp.json",
            "file": "expressions/f08.exp.json"
        }
    ],
    "physics": "physics.json",
    "pose": "seifuku.pose.json"
}