{
    "version": "Sample 1.0.0",
    "model": "model.moc",
    "textures": [
        "model.1024/texture_00.png"
    ],
    "hit_areas": [
        {
            "name": "head",
            "id": "D_REF.HEAD"
        },
        {
            "name": "diao",
            "id": "D_REF.DIAO"
        },
        {
            "name": "hand",
            "id": "D_REF.HAND"
        },
        {
            "name": "ArtMesh83",
            "id": "ArtMesh83"
        }
    ],
    "motions": {
        "idle": [
            {
                "file": "motions/daiji_idle_01.mtn",
                "weight": 1
            }
        ],
        "shake": [
            {
                "file": "motions/shake.mtn",
                "sound": "sounds/FN57_MOOD2_JP.mp3",
                "weight": 1
            }
        ],
        "tap_head": [
            {
                "file": "motions/broken_1.mtn",
                "sound": "sounds/FN57_DIALOGUE1_JP.mp3",
                "weight": 1
            },
            {
                "file": "motions/broken_2.mtn",
                "sound": "sounds/FN57_DIALOGUE2_JP.mp3",
                "weight": 1
            },
            {
                "file": "motions/broken_3.mtn",
                "sound": "sounds/FN57_DIALOGUE3_JP.mp3",
                "weight": 1
            }
        ],
        "tap_hand": [
            {
                "file": "motions/broken_4.mtn",
                "sound": "sounds/FN57_CHRISTMAS_JP.mp3",
                "weight": 1
            },
            {
                "file": "motions/broken_5.mtn",
                "sound": "sounds/FN57_VALENTINE_JP.mp3",
                "weight": 1
            }
        ],
        "tap": [
            {
                "name": "1",
                "sound": "sounds/FN57_ACCEPT_JP.mp3",
                "weight": 1
            },
            {
                "name": "2",
                "sound": "sounds/FN57_AGREE_JP.mp3",
                "weight": 1
            },
            {
                "name": "3",
                "sound": "sounds/FN57_ALLHALLOWS_JP.mp3",
                "weight": 1
            },
            {
                "name": "4",
                "sound": "sounds/FN57_APPRECIATE_JP.mp3",
                "weight": 1
            },
            {
                "name": "5",
                "sound": "sounds/FN57_ATTACK_JP.mp3",
                "weight": 1
            },
            {
                "name": "6",
                "sound": "sounds/FN57_BLACKACTION_JP.mp3",
                "weight": 1
            },
            {
                "name": "7",
                "sound": "sounds/FN57_BREAK_JP.mp3",
                "weight": 1
            },
            {
                "name": "8",
                "sound": "sounds/FN57_BUILDOVER_JP.mp3",
                "weight": 1
            },
            {
                "name": "9",
                "sound": "sounds/FN57_COMBINE_JP.mp3",
                "weight": 1
            },
            {
                "name": "10",
                "sound": "sounds/FN57_DEFENSE_JP.mp3",
                "weight": 1
            },
            {
                "name": "11",
                "sound": "sounds/FN57_FEED_JP.mp3",
                "weight": 1
            },
            {
                "name": "12",
                "sound": "sounds/FN57_FEELING_JP.mp3",
                "weight": 1
            },
            {
                "name": "13",
                "sound": "sounds/FN57_FIX_JP.mp3",
                "weight": 1
            },
            {
                "name": "14",
                "sound": "sounds/FN57_FORMATION_JP.mp3",
                "weight": 1
            },
            {
                "name": "15",
                "sound": "sounds/FN57_GAIN_JP.mp3",
                "weight": 1
            },
            {
                "name": "16",
                "sound": "sounds/FN57_GOATTACK_JP.mp3",
                "weight": 1
            },
            {
                "name": "17",
                "sound": "sounds/FN57_HELLO_JP.mp3",
                "weight": 1
            },
            {
                "name": "18",
                "sound": "sounds/FN57_LOADING_JP.mp3",
                "weight": 1
            },
            {
                "name": "19",
                "sound": "sounds/FN57_LOWMOOD_JP.mp3",
                "weight": 1
            },
            {
                "name": "20",
                "sound": "sounds/FN57_MEET_JP.mp3",
                "weight": 1
            },
            {
                "name": "21",
                "sound": "sounds/FN57_MOOD1_JP.mp3",
                "weight": 1
            },
            {
                "name": "22",
                "sound": "sounds/FN57_OPERATIONBEGIN_JP.mp3",
                "weight": 1
            },
            {
                "name": "23",
                "sound": "sounds/FN57_OPERATIONOVER_JP.mp3",
                "weight": 1
            },
            {
                "name": "24",
                "sound": "sounds/FN57_PHRASE_JP.mp3",
                "weight": 1
            },
            {
                "name": "25",
                "sound": "sounds/FN57_RETREAT_JP.mp3",
                "weight": 1
            },
            {
                "name": "26",
                "sound": "sounds/FN57_SKILL1_JP.mp3",
                "weight": 1
            },
            {
                "name": "27",
                "sound": "sounds/FN57_SKILL2_JP.mp3",
                "weight": 1
            },
            {
                "name": "28",
                "sound": "sounds/FN57_SKILL3_JP.mp3",
                "weight": 1
            },
            {
                "name": "29",
                "sound": "sounds/FN57_TANABATA_JP.mp3",
                "weight": 1
            },
            {
                "name": "30",
                "sound": "sounds/FN57_TIP_JP.mp3",
                "weight": 1
            },
            {
                "name": "31",
                "sound": "sounds/FN57_TITLECALL_JP.mp3",
                "weight": 1
            },
            {
                "name": "21",
                "sound": "sounds/FN57_WIN_JP.mp3",
                "weight": 1
            }
        ],
        "tap_ArtMesh83": [
            {
                "file": "motions/broken_1.mtn",
                "sound": "sounds/FN57_DIALOGUEWEDDING_JP.mp3",
                "weight": 1
            },
            {
                "file": "motions/broken_2.mtn",
                "sound": "sounds/FN57_NEWYEAR_JP.mp3",
                "weight": 1
            },
            {
                "file": "motions/broken_3.mtn",
                "sound": "sounds/FN57_SOULCONTRACT_JP.mp3",
                "weight": 1
            }
        ]
    },
    "auto_breath": false,
    "aniso_level": 5
}