{
    "version": "Sample 1.0.0",
    "model": "moc/hibiki.moc",
    "textures": [
        "moc/hibiki.2048/texture_00.png"
    ],
    "motions": {
        "null": [
            {
                "file": "mtn/hibiki_01.mtn",
                "sound": "snd/hibiki_01.mp3"
            },
            {
                "file": "mtn/hibiki_02.mtn",
                "sound": "snd/hibiki_02.mp3"
            },
            {
                "file": "mtn/hibiki_03.mtn",
                "sound": "snd/hibiki_03.mp3"
            },
            {
                "file": "mtn/hibiki_04.mtn",
                "sound": "snd/hibiki_04.mp3"
            },
            {
                "file": "mtn/hibiki_05.mtn",
                "sound": "snd/hibiki_05.mp3"
            }
        ],
        "idle": [
            {
                "file": "mtn/idle_01.mtn"
            },
            {
                "file": "mtn/idle_02.mtn"
            },
            {
                "file": "mtn/idle_03.mtn"
            },
            {
                "file": "mtn/idle_04.mtn"
            }
        ]
    },
    "expressions": [
        {
            "name": "f01.mtn",
            "file": "exp/f01.exp.json"
        },
        {
            "name": "f02.mtn",
            "file": "exp/f02.exp.json"
        },
        {
            "name": "f03.mtn",
            "file": "exp/f03.exp.json"
        },
        {
            "name": "f04.mtn",
            "file": "exp/f04.exp.json"
        },
        {
            "name": "f05.mtn",
            "file": "exp/f05.exp.json"
        },
        {
            "name": "f06.mtn",
            "file": "exp/f06.exp.json"
        }
    ],
    "physics": "hibiki.physics.json"
}