{
    "version": "Sample 1.0.0",
    "model": "model.moc",
    "textures": [
        "model.1024/texture_00.png"
    ],
    "motions": {
        "idle": [
            {
                "file": "motions/daiji_idle_01.mtn"
            }
        ],
        "": [
            {
                "file": "motions/broken_1.mtn"
            },
            {
                "file": "motions/broken_2.mtn"
            },
            {
                "file": "motions/broken_3.mtn"
            },
            {
                "file": "motions/broken_4.mtn"
            },
            {
                "file": "motions/broken_5.mtn"
            },
            {
                "file": "motions/login.mtn"
            },
            {
                "file": "motions/shake.mtn"
            },
            {
                "file": "motions/touch_1.mtn"
            },
            {
                "file": "motions/touch_2.mtn"
            },
            {
                "file": "motions/touch_3.mtn"
            },
            {
                "file": "motions/touch_4.mtn"
            },
            {
                "file": "motions/touch_5.mtn"
            },
            {
                "file": "motions/wait_1.mtn"
            },
            {
                "file": "motions/wait_2.mtn"
            }
        ]
    },
    "physics": "physics.json",
    "hit_areas": [
        {
            "name": "head",
            "id": "D_REF.HEAD"
        },
        {
            "name": "leg",
            "id": "D_REF.LEG"
        },
        {
            "name": "body",
            "id": "D_REF.BODY"
        }
    ]
}