{
    "version": "Live2DViewerEX Config 1.0",
    "model": "kanzaki.moc",
    "textures": [
        "kanzaki.1024/texture_00.png",
        "kanzaki.1024/texture_01.png",
        "kanzaki.1024/texture_02.png"
    ],
    "layout": {
        "center_x": 0,
        "center_y": 0,
        "width": 1.7
    },
    "motions": {
        "tap": [
            {
                "file": "motions/tap/motion1.mtn"
            },
            {
                "file": "motions/tap/motion2.mtn"
            },
            {
                "file": "motions/tap/motion3.mtn"
            },
            {
                "file": "motions/tap/motion4.mtn"
            },
            {
                "file": "motions/tap/motion5.mtn"
            },
            {
                "file": "motions/tap/motion6.mtn"
            },
            {
                "file": "motions/tap/motion7.mtn"
            }
        ]
    },
    "expressions": [
        {
            "name": "f01.exp.json",
            "file": "expressions/f01.exp.json"
        },
        {
            "name": "f02.exp.json",
            "file": "expressions/f02.exp.json"
        },
        {
            "name": "f03.exp.json",
            "file": "expressions/f03.exp.json"
        },
        {
            "name": "f04.exp.json",
            "file": "expressions/f04.exp.json"
        },
        {
            "name": "f05.exp.json",
            "file": "expressions/f05.exp.json"
        },
        {
            "name": "f06.exp.json",
            "file": "expressions/f06.exp.json"
        },
        {
            "name": "f07.exp.json",
            "file": "expressions/f07.exp.json"
        },
        {
            "name": "f08.exp.json",
            "file": "expressions/f08.exp.json"
        }
    ],
    "physics": "physics.json"
}