{
    "type": "Live2D Physics",
    "physics_hair": [
        {
            "setup": {
                "length": 0.17,
                "regist": 0.5,
                "mass": 0.1
            },
            "src": [
                {
                    "id": "PARAM_ANGLE_X",
                    "ptype": "x",
                    "scale": 0.005,
                    "weight": 1
                },
                {
                    "id": "PARAM_ANGLE_Z",
                    "ptype": "angle",
                    "scale": 0.8,
                    "weight": 1
                }
            ],
            "targets": [
                {
                    "id": "PARAM_HAIR_FRONT",
                    "ptype": "angle",
                    "scale": 0.025,
                    "weight": 1
                },
                {
                    "id": "PARAM_HAIR_SIDE",
                    "ptype": "angle",
                    "scale": 0.025,
                    "weight": 1
                }
            ]
        },
        {
            "setup": {
                "length": 0.34,
                "regist": 0.5,
                "mass": 0.1
            },
            "src": [
                {
                    "id": "PARAM_ANGLE_X",
                    "ptype": "x",
                    "scale": 0.005,
                    "weight": 1
                },
                {
                    "id": "PARAM_ANGLE_Z",
                    "ptype": "angle",
                    "scale": 0.8,
                    "weight": 1
                }
            ],
            "targets": [
                {
                    "id": "PARAM_HAIR_BACK",
                    "ptype": "angle",
                    "scale": 0.025,
                    "weight": 1
                },
                {
                    "id": "PARAM_HAIR_BRAID",
                    "ptype": "angle",
                    "scale": 0.025,
                    "weight": 1
                }
            ]
        },
        {
            "setup": {
                "length": 0.21,
                "regist": 0.5,
                "mass": 0.1
            },
            "src": [
                {
                    "id": "PARAM_BODY_ANGLE_X",
                    "ptype": "x",
                    "scale": 0.02,
                    "weight": 1
                }
            ],
            "targets": [
                {
                    "id": "PARAM_CLOTHES_A",
                    "ptype": "angle",
                    "scale": 0.025,
                    "weight": 1
                },
                {
                    "id": "PARAM_CLOTHES_B",
                    "ptype": "angle",
                    "scale": 0.025,
                    "weight": 1
                }
            ]
        },
        {
            "setup": {
                "length": 0.03,
                "regist": 0.2,
                "mass": 0.03
            },
            "src": [
                {
                    "id": "PARAM_BODY_ANGLE_X",
                    "ptype": "x",
                    "scale": 0.005,
                    "weight": 1
                },
                {
                    "id": "PARAM_BODY_ANGLE_Z",
                    "ptype": "x",
                    "scale": 0.005,
                    "weight": 1
                }
            ],
            "targets": [
                {
                    "id": "PARAM_LILTING",
                    "ptype": "angle",
                    "scale": 0.025,
                    "weight": 1
                }
            ]
        }
    ]
}