{
    "type": "Live2D Pose",
    "parts_visible": [
        {
            "group": [
                {
                    "id": "PARTS_01_ARM_L_001"
                },
                {
                    "id": "PARTS_01_ARM_L_002"
                },
                {
                    "id": "PARTS_01_ARM_L_012"
                },
                {
                    "id": "PARTS_01_ARM_L_003"
                },
                {
                    "id": "PARTS_01_ARM_L_013"
                },
                {
                    "id": "PARTS_01_ARM_L_005"
                },
                {
                    "id": "PARTS_01_ARM_L_004"
                }
            ]
        },
        {
            "group": [
                {
                    "id": "PARTS_01_ARM_R_001"
                },
                {
                    "id": "PARTS_01_ARM_R_002"
                },
                {
                    "id": "PARTS_01_ARM_R_012"
                },
                {
                    "id": "PARTS_01_ARM_R_003"
                },
                {
                    "id": "PARTS_01_ARM_R_013"
                },
                {
                    "id": "PARTS_01_ARM_R_005"
                },
                {
                    "id": "PARTS_01_ARM_R_004"
                }
            ]
        }
    ]
}