{
    "version": "Sample 1.0.0",
    "model": "DanmenzuY.moc",
    "textures": [
        "DanmenzuY.1024/texture_00.png"
    ],
    "expressions": [
        {
            "name": "Gobrin",
            "file": "expressions/Gobrin.exp.json"
        },
        {
            "name": "KousokuTensi",
            "file": "expressions/KousokuTensi.exp.json"
        }
    ],
    "motions": {
        "": [
            {
                "file": "motions/0Taiki.mtn",
                "fade_in": 1000,
                "fade_out": 1000
            },
            {
                "file": "motions/1Sounyu.mtn",
                "fade_in": 1000,
                "fade_out": 1000
            },
            {
                "file": "motions/2Taiki.mtn",
                "fade_in": 1000,
                "fade_out": 1000
            },
            {
                "file": "motions/3Ugoki.mtn",
                "fade_in": 1000,
                "fade_out": 1000
            },
            {
                "file": "motions/4Ugoki.mtn",
                "fade_in": 1000,
                "fade_out": 1000
            },
            {
                "file": "motions/5Ugoki.mtn",
                "fade_in": 1000,
                "fade_out": 1000
            },
            {
                "file": "motions/6H1Syasei.mtn",
                "fade_in": 1000,
                "fade_out": 1000
            },
            {
                "file": "motions/6Syasei.mtn",
                "fade_in": 1000,
                "fade_out": 1000
            }
        ]
    }
}