{
    "type": "Live2D Model Setting",
    "name": "w101_01",
    "model": "w101_01.moc",
    "textures": [
        "w101_01.2048/texture_000.png",
        "w101_01.2048/texture_011.png"
    ],
    "expressions": [
        {
            "name": "w101a",
            "file": "expressions/w101_a2.exp.json",
            "parts_index": 0
        },
        {
            "name": "w101b",
            "file": "expressions/w101_b.exp.json",
            "parts_index": 0
        },
        {
            "name": "w101c",
            "file": "expressions/w101_c.exp.json",
            "parts_index": 0
        },
        {
            "name": "w101d",
            "file": "expressions/w101_d.exp.json",
            "parts_index": 0
        },
        {
            "name": "w101e",
            "file": "expressions/w101_e.exp.json",
            "parts_index": 0
        },
        {
            "name": "w101f",
            "file": "expressions/w101_f.exp.json",
            "parts_index": 0
        },
        {
            "name": "w101g",
            "file": "expressions/w101_g.exp.json",
            "parts_index": 0
        },
        {
            "name": "w101h",
            "file": "expressions/w101_h.exp.json",
            "parts_index": 0
        },
        {
            "name": "w101aa",
            "file": "expressions/w101_a2.exp.json",
            "parts_index": 1
        }
    ],
    "layout": {
        "center_x": 0,
        "center_y": -0.228,
        "width": 1.65
    },
    "motions": {
        "w101a_a": [
            {
                "file": "motions/w101_base_a.mtn",
                "fade_in": 500,
                "fade_out": 0
            },
            {
                "file": "motions/w101_base_a.mtn",
                "fade_in": 0,
                "fade_out": 0,
                "jump_index": 1
            }
        ],
        "w101a_b": [
            {
                "file": "motions/w101_base_b.mtn",
                "fade_in": 500,
                "fade_out": 0
            },
            {
                "file": "motions/w101_base_b.mtn",
                "fade_in": 0,
                "fade_out": 0,
                "jump_index": 1
            }
        ],
        "w101a_c": [
            {
                "file": "motions/w101_base_c.mtn",
                "fade_in": 500,
                "fade_out": 0
            },
            {
                "file": "motions/w101_base_c.mtn",
                "fade_in": 0,
                "fade_out": 0,
                "jump_index": 1
            }
        ],
        "w101i_a": [
            {
                "file": "motions/w101_i_a.mtn",
                "fade_in": 500,
                "fade_out": 0
            },
            {
                "file": "motions/w101_i_a.mtn",
                "fade_in": 0,
                "fade_out": 0,
                "jump_index": 1
            }
        ],
        "w101i_b": [
            {
                "file": "motions/w101_i_b.mtn",
                "fade_in": 500,
                "fade_out": 0
            },
            {
                "file": "motions/w101_i_b.mtn",
                "fade_in": 0,
                "fade_out": 0,
                "jump_index": 1
            }
        ],
        "w101i_c": [
            {
                "file": "motions/w101_i_c.mtn",
                "fade_in": 500,
                "fade_out": 0
            },
            {
                "file": "motions/w101_i_c.mtn",
                "fade_in": 0,
                "fade_out": 0,
                "jump_index": 1
            }
        ],
        "w101j_a": [
            {
                "file": "motions/w101_j_a.mtn",
                "fade_in": 500,
                "fade_out": 0
            },
            {
                "file": "motions/w101_j_a.mtn",
                "fade_in": 0,
                "fade_out": 0,
                "jump_index": 1
            }
        ],
        "w101j_b": [
            {
                "file": "motions/w101_j_b.mtn",
                "fade_in": 500,
                "fade_out": 0
            },
            {
                "file": "motions/w101_j_b.mtn",
                "fade_in": 0,
                "fade_out": 0,
                "jump_index": 1
            }
        ],
        "w101j_c": [
            {
                "file": "motions/w101_j_c.mtn",
                "fade_in": 500,
                "fade_out": 0
            },
            {
                "file": "motions/w101_j_c.mtn",
                "fade_in": 0,
                "fade_out": 0,
                "jump_index": 1
            }
        ],
        "w101k_a": [
            {
                "file": "motions/w101_k_a.mtn",
                "fade_in": 500,
                "fade_out": 0
            },
            {
                "file": "motions/w101_k_a.mtn",
                "fade_in": 0,
                "fade_out": 0,
                "jump_index": 1
            }
        ],
        "w101k_b": [
            {
                "file": "motions/w101_k_b.mtn",
                "fade_in": 500,
                "fade_out": 0
            },
            {
                "file": "motions/w101_k_b.mtn",
                "fade_in": 0,
                "fade_out": 0,
                "jump_index": 1
            }
        ],
        "w101k_c": [
            {
                "file": "motions/w101_k_c.mtn",
                "fade_in": 500,
                "fade_out": 0
            },
            {
                "file": "motions/w101_k_c.mtn",
                "fade_in": 0,
                "fade_out": 0,
                "jump_index": 1
            }
        ],
        "w101l_a": [
            {
                "file": "motions/w101_l_a.mtn",
                "fade_in": 500,
                "fade_out": 0
            },
            {
                "file": "motions/w101_l_a.mtn",
                "fade_in": 0,
                "fade_out": 0,
                "jump_index": 1
            }
        ],
        "w101l_b": [
            {
                "file": "motions/w101_l_b.mtn",
                "fade_in": 500,
                "fade_out": 0
            },
            {
                "file": "motions/w101_l_b.mtn",
                "fade_in": 0,
                "fade_out": 0,
                "jump_index": 1
            }
        ],
        "w101l_c": [
            {
                "file": "motions/w101_l_c.mtn",
                "fade_in": 500,
                "fade_out": 0
            },
            {
                "file": "motions/w101_l_c.mtn",
                "fade_in": 0,
                "fade_out": 0,
                "jump_index": 1
            }
        ],
        "idle": [
            {
                "file": "motions/w101_base_c.mtn",
                "fade_in": 1000,
                "fade_out": 0
            },
            {
                "file": "motions/w101_base_c.mtn",
                "fade_in": 0,
                "fade_out": 0,
                "jump_index": 1
            }
        ]
    }
}