{
    "version": "Sample 1.0.0",
    "name": "索菲亚",
    "model": "Lead_00.moc",
    "textures": [
        "textures/texture_00.png",
        "textures/texture_01.png"
    ],
    "config": {
        "scale": 1,
        "posX": -30,
        "posY": 10,
        "offsetX": 0,
        "offsetY": 0,
        "textPosX": 350,
        "textPosY": 500,
        "mirrorX": false
    },
    "motions": {
        "idle": [
            {
                "file": "motions/idle.mtn"
            }
        ],
        "stay": [
            {
                "file": "motions/stay_01.mtn"
            }
        ],
        "tap_touch01": [
            {
                "file": "motions/touch_01_1.mtn"
            }
        ],
        "tap_touch02": [
            {
                "file": "motions/touch_01_2.mtn"
            }
        ],
        "tap_fanu": [
            {
                "file": "motions/touch_99.mtn"
            }
        ]
    }
}