{
    "version": "Sample 1.0.0",
    "id": "suomi",
    "name": "suomi",
    "model": "model.moc",
    "textures": [
        "model.1024/texture_00.png"
    ],
    "hit_areas": [
        {
            "name": "head",
            "id": "D_REF.HEAD"
        },
        {
            "name": "body",
            "id": "D_REF.BODY"
        }
    ],
    "motions": {
        "idle": [
            {
                "file": "motions/daiji_idle_01.mtn",
                "weight": 1
            }
        ],
        "tap": [
            {
                "file": "motions/touch_1.mtn",
                "sound": "sounds/KP31_005.mp3",
                "weight": 1
            },
            {
                "file": "motions/touch_2.mtn",
                "sound": "sounds/KP31_006.mp3",
                "weight": 1
            },
            {
                "file": "motions/touch_3.mtn",
                "sound": "sounds/KP31_007.mp3",
                "weight": 1
            },
            {
                "file": "motions/touch_4.mtn",
                "sound": "sounds/KP31_026.mp3",
                "weight": 1
            },
            {
                "file": "motions/touch_5.mtn",
                "sound": "sounds/KP31_015.mp3",
                "weight": 1
            },
            {
                "name": "1",
                "sound": "sounds/KP31_004.mp3",
                "weight": 1
            },
            {
                "name": "2",
                "sound": "sounds/KP31_024.mp3",
                "weight": 1
            },
            {
                "name": "3",
                "sound": "sounds/KP31_025.mp3",
                "weight": 1
            },
            {
                "name": "4",
                "sound": "sounds/KP31_026.mp3",
                "weight": 1
            }
        ],
        "tap_head": [
            {
                "file": "motions/whiteday.mtn",
                "sound": "sounds/KP31_020.mp3",
                "fade_in": 300,
                "fade_out": 300,
                "weight": 1
            },
            {
                "name": "1",
                "sound": "sounds/KP31_032.mp3",
                "weight": 1
            },
            {
                "name": "2",
                "sound": "sounds/KP31_035.mp3",
                "weight": 1
            },
            {
                "name": "3",
                "sound": "sounds/KP31_036.mp3",
                "weight": 1
            }
        ],
        "tap_body": [
            {
                "file": "motions/wedding.mtn",
                "sound": "sounds/KP31_029.mp3",
                "fade_in": 300,
                "fade_out": 300,
                "weight": 1
            },
            {
                "file": "motions/wedding_touch.mtn",
                "sound": "sounds/KP31_041.mp3",
                "fade_in": 300,
                "fade_out": 300,
                "weight": 1
            },
            {
                "file": "motions/wait_1.mtn",
                "sound": "sounds/KP31_009.mp3",
                "weight": 1
            },
            {
                "file": "motions/wait_2.mtn",
                "sound": "sounds/KP31_028.mp3",
                "weight": 1
            }
        ],
        "shake": [
            {
                "file": "motions/shake.mtn",
                "sound": "sounds/KP31_033.mp3",
                "weight": 1
            }
        ],
        "start": [
            {
                "file": "motions/login.mtn",
                "sound": "sounds/KP31_001.mp3",
                "weight": 1
            },
            {
                "file": "motions/login.mtn",
                "sound": "sounds/KP31_002.mp3",
                "weight": 1
            }
        ]
    },
    "physics": "physics.json",
    "lip_sync": "true",
    "auto_breath": false,
    "aniso_level": 4
}