{
    "type": "Live2D Model Setting",
    "name": "圣诞索菲亚_角色",
    "model": "Lead_00.moc",
    "textures": [
        "textures/texture_00.png"
    ],
    "config": {
        "scale": 1.3,
        "posX": -150,
        "posY": 150,
        "offsetX": 90,
        "offsetY": -40,
        "textPosX": 300,
        "textPosY": 600,
        "mirrorX": false
    },
    "motions": {
        "idle": [
            {
                "file": "motions/idle.mtn",
                "fade_in": 600,
                "fade_out": 600
            }
        ],
        "stay": [
            {
                "file": "motions/idle.mtn",
                "fade_in": 600,
                "fade_out": 600
            }
        ],
        "setting_01": [
            {
                "file": "motions/setting_01.mtn",
                "fade_in": 0,
                "fade_out": 0
            }
        ],
        "touch_moon": [
            {
                "file": "motions/touch_moon.mtn",
                "fade_in": 0,
                "fade_out": 0
            }
        ],
        "touch_robot_01": [
            {
                "file": "motions/touch_robot_01.mtn",
                "fade_in": 0,
                "fade_out": 0
            }
        ],
        "touch_robot_02": [
            {
                "file": "motions/touch_robot_02.mtn",
                "fade_in": 0,
                "fade_out": 0
            }
        ],
        "favor_01": [
            {
                "file": "motions/favor_01.mtn",
                "fade_in": 0,
                "fade_out": 0
            }
        ]
    }
}