{
    "type": "Live2D Model Setting",
    "name": "w109a_01",
    "model": "w109a_01.moc",
    "textures": [
        "w109a_01.2048/texture_00.png",
        "w109a_01.2048/texture_01.png"
    ],
    "expressions": [
        {
            "name": "w109a",
            "file": "expressions/w109a_a2.exp.json",
            "parts_index": 0
        },
        {
            "name": "w109za",
            "file": "expressions/w109a_a2z1.exp.json",
            "parts_index": 0
        },
        {
            "name": "w109za2",
            "file": "expressions/w109a_a2z1.exp.json",
            "parts_index": 0
        },
        {
            "name": "w109za3",
            "file": "expressions/w109a_a2z3.exp.json",
            "parts_index": 0
        },
        {
            "name": "w109za4",
            "file": "expressions/w109a_a2z4.exp.json",
            "parts_index": 0
        },
        {
            "name": "w109za5",
            "file": "expressions/w109a_a2z5.exp.json",
            "parts_index": 0
        },
        {
            "name": "w109b",
            "file": "expressions/w109a_b.exp.json",
            "parts_index": 0
        },
        {
            "name": "w109zb",
            "file": "expressions/w109a_bz.exp.json",
            "parts_index": 0
        },
        {
            "name": "w109zb2",
            "file": "expressions/w109a_bz2.exp.json",
            "parts_index": 0
        },
        {
            "name": "w109zb3",
            "file": "expressions/w109a_bz3.exp.json",
            "parts_index": 0
        },
        {
            "name": "w109zb4",
            "file": "expressions/w109a_bz4.exp.json",
            "parts_index": 0
        },
        {
            "name": "w109c",
            "file": "expressions/w109a_c.exp.json",
            "parts_index": 0
        },
        {
            "name": "w109zc",
            "file": "expressions/w109a_cz.exp.json",
            "parts_index": 0
        },
        {
            "name": "w109zc2",
            "file": "expressions/w109a_cz2.exp.json",
            "parts_index": 0
        },
        {
            "name": "w109zc3",
            "file": "expressions/w109a_cz3.exp.json",
            "parts_index": 0
        },
        {
            "name": "w109zc4",
            "file": "expressions/w109a_cz4.exp.json",
            "parts_index": 0
        },
        {
            "name": "w109d",
            "file": "expressions/w109a_d.exp.json",
            "parts_index": 0
        },
        {
            "name": "w109zd",
            "file": "expressions/w109a_dz.exp.json",
            "parts_index": 0
        },
        {
            "name": "w109zd2",
            "file": "expressions/w109a_dz2.exp.json",
            "parts_index": 0
        },
        {
            "name": "w109zd3",
            "file": "expressions/w109a_dz3.exp.json",
            "parts_index": 0
        },
        {
            "name": "w109zd4",
            "file": "expressions/w109a_dz4.exp.json",
            "parts_index": 0
        },
        {
            "name": "w109aa",
            "file": "expressions/w109a_a2.exp.json",
            "parts_index": 1
        }
    ],
    "layout": {
        "center_x": 0,
        "center_y": -0.23,
        "width": 1.5
    },
    "motions": {
        "w109a_a": [
            {
                "file": "motions/w109a_base_a.mtn",
                "fade_in": 500,
                "fade_out": 0
            },
            {
                "file": "motions/w109a_base_a.mtn",
                "fade_in": 0,
                "fade_out": 0,
                "jump_index": 1
            }
        ],
        "w109a_b": [
            {
                "file": "motions/w109a_base_b.mtn",
                "fade_in": 500,
                "fade_out": 0
            },
            {
                "file": "motions/w109a_base_b.mtn",
                "fade_in": 0,
                "fade_out": 0,
                "jump_index": 1
            }
        ],
        "w109a_c": [
            {
                "file": "motions/w109a_base_c.mtn",
                "fade_in": 500,
                "fade_out": 0
            },
            {
                "file": "motions/w109a_base_c.mtn",
                "fade_in": 0,
                "fade_out": 0,
                "jump_index": 1
            }
        ],
        "w109e_a": [
            {
                "file": "motions/w109a_e_a.mtn",
                "fade_in": 500,
                "fade_out": 0
            },
            {
                "file": "motions/w109a_e_a.mtn",
                "fade_in": 0,
                "fade_out": 0,
                "jump_index": 1
            }
        ],
        "w109e_b": [
            {
                "file": "motions/w109a_e_b.mtn",
                "fade_in": 500,
                "fade_out": 0
            },
            {
                "file": "motions/w109a_e_b.mtn",
                "fade_in": 0,
                "fade_out": 0,
                "jump_index": 1
            }
        ],
        "w109e_c": [
            {
                "file": "motions/w109a_e_c.mtn",
                "fade_in": 500,
                "fade_out": 0
            },
            {
                "file": "motions/w109a_e_c.mtn",
                "fade_in": 0,
                "fade_out": 0,
                "jump_index": 1
            }
        ],
        "w109f_a": [
            {
                "file": "motions/w109a_f_a.mtn",
                "fade_in": 500,
                "fade_out": 0
            },
            {
                "file": "motions/w109a_f_a.mtn",
                "fade_in": 0,
                "fade_out": 0,
                "jump_index": 1
            }
        ],
        "w109f_b": [
            {
                "file": "motions/w109a_f_b.mtn",
                "fade_in": 500,
                "fade_out": 0
            },
            {
                "file": "motions/w109a_f_b.mtn",
                "fade_in": 0,
                "fade_out": 0,
                "jump_index": 1
            }
        ],
        "w109f_c": [
            {
                "file": "motions/w109a_f_c.mtn",
                "fade_in": 500,
                "fade_out": 0
            },
            {
                "file": "motions/w109a_f_c.mtn",
                "fade_in": 0,
                "fade_out": 0,
                "jump_index": 1
            }
        ],
        "w109g_a": [
            {
                "file": "motions/w109a_g_a.mtn",
                "fade_in": 500,
                "fade_out": 0
            },
            {
                "file": "motions/w109a_g_a.mtn",
                "fade_in": 0,
                "fade_out": 0,
                "jump_index": 1
            }
        ],
        "w109g_b": [
            {
                "file": "motions/w109a_g_b.mtn",
                "fade_in": 500,
                "fade_out": 0
            },
            {
                "file": "motions/w109a_g_b.mtn",
                "fade_in": 0,
                "fade_out": 0,
                "jump_index": 1
            }
        ],
        "w109g_c": [
            {
                "file": "motions/w109a_g_c.mtn",
                "fade_in": 500,
                "fade_out": 0
            },
            {
                "file": "motions/w109a_g_c.mtn",
                "fade_in": 0,
                "fade_out": 0,
                "jump_index": 1
            }
        ],
        "w109h_a": [
            {
                "file": "motions/w109a_h_a.mtn",
                "fade_in": 500,
                "fade_out": 0
            },
            {
                "file": "motions/w109a_h_a.mtn",
                "fade_in": 0,
                "fade_out": 0,
                "jump_index": 1
            }
        ],
        "w109h_b": [
            {
                "file": "motions/w109a_h_b.mtn",
                "fade_in": 500,
                "fade_out": 0
            },
            {
                "file": "motions/w109a_h_b.mtn",
                "fade_in": 0,
                "fade_out": 0,
                "jump_index": 1
            }
        ],
        "w109h_c": [
            {
                "file": "motions/w109a_h_c.mtn",
                "fade_in": 500,
                "fade_out": 0
            },
            {
                "file": "motions/w109a_h_c.mtn",
                "fade_in": 0,
                "fade_out": 0,
                "jump_index": 1
            }
        ],
        "w109i_a": [
            {
                "file": "motions/w109a_i_a.mtn",
                "fade_in": 500,
                "fade_out": 0
            },
            {
                "file": "motions/w109a_i_a.mtn",
                "fade_in": 0,
                "fade_out": 0,
                "jump_index": 1
            }
        ],
        "w109i_b": [
            {
                "file": "motions/w109a_i_b.mtn",
                "fade_in": 500,
                "fade_out": 0
            },
            {
                "file": "motions/w109a_i_b.mtn",
                "fade_in": 0,
                "fade_out": 0,
                "jump_index": 1
            }
        ],
        "w109i_c": [
            {
                "file": "motions/w109a_i_c.mtn",
                "fade_in": 500,
                "fade_out": 0
            },
            {
                "file": "motions/w109a_i_c.mtn",
                "fade_in": 0,
                "fade_out": 0,
                "jump_index": 1
            }
        ],
        "w109j_a": [
            {
                "file": "motions/w109a_j_a.mtn",
                "fade_in": 500,
                "fade_out": 0
            },
            {
                "file": "motions/w109a_j_a.mtn",
                "fade_in": 0,
                "fade_out": 0,
                "jump_index": 1
            }
        ],
        "w109j_b": [
            {
                "file": "motions/w109a_j_b.mtn",
                "fade_in": 500,
                "fade_out": 0
            },
            {
                "file": "motions/w109a_j_b.mtn",
                "fade_in": 0,
                "fade_out": 0,
                "jump_index": 1
            }
        ],
        "w109j_c": [
            {
                "file": "motions/w109a_j_c.mtn",
                "fade_in": 500,
                "fade_out": 0
            },
            {
                "file": "motions/w109a_j_c.mtn",
                "fade_in": 0,
                "fade_out": 0,
                "jump_index": 1
            }
        ],
        "idle": [
            {
                "file": "motions/w109a_base_c.mtn",
                "fade_in": 1000,
                "fade_out": 0
            },
            {
                "file": "motions/w109a_base_c.mtn",
                "fade_in": 0,
                "fade_out": 0,
                "jump_index": 1
            }
        ]
    }
}