{
    "version": "Sample 1.0.0",
    "model": "moc/hijiki.moc",
    "textures": [
        "moc/hijiki.2048/texture_00.png"
    ],
    "name": "hijiki",
    "pose": "hijiki.pose.json",
    "motions": {
        "idle": [
            {
                "file": "mtn/00_idle.mtn"
            }
        ],
        "": [
            {
                "file": "mtn/01.mtn"
            },
            {
                "file": "mtn/02.mtn"
            },
            {
                "file": "mtn/03.mtn"
            },
            {
                "file": "mtn/04.mtn"
            },
            {
                "file": "mtn/05.mtn"
            },
            {
                "file": "mtn/06.mtn"
            },
            {
                "file": "mtn/07.mtn"
            },
            {
                "file": "mtn/08.mtn"
            }
        ]
    }
}