{
    "type": "Live2D Physics",
    "physics_hair": [
        {
            "label": "X",
            "setup": {
                "length": 0.2,
                "regist": 0.7,
                "mass": 0.3
            },
            "src": [
                {
                    "id": "PARAM_BODY_ANGLE_X",
                    "ptype": "x",
                    "scale": 0.03,
                    "weight": 1
                }
            ],
            "targets": [
                {
                    "id": "PARAM_ry-x",
                    "ptype": "angle",
                    "scale": 0.125,
                    "weight": 1
                }
            ]
        },
        {
            "label": "Y",
            "setup": {
                "length": 0.2,
                "regist": 0.3,
                "mass": 0.3
            },
            "src": [
                {
                    "id": "PARAM_c_Y",
                    "ptype": "x",
                    "scale": 0.05,
                    "weight": 1
                }
            ],
            "targets": [
                {
                    "id": "PARAM_ry-y",
                    "ptype": "angle",
                    "scale": 0.25,
                    "weight": 1
                }
            ]
        }
    ]
}