{
    "version": "Sample 1.0.0",
    "model": "Lead_00.moc",
    "textures": [
        "textures/texture_00.png"
    ],
    "config": {
        "scale": 1.2,
        "posX": -120,
        "posY": 140,
        "offsetX": 0,
        "offsetY": 0,
        "textPosX": 325,
        "textPosY": 580,
        "mirrorX": false
    },
    "motions": {
        "idle": [
            {
                "file": "motions/idle.mtn",
                "fade_in": 0,
                "fade_out": 0
            }
        ],
        "stay": [
            {
                "file": "motions/stay_01.mtn",
                "fade_in": 0,
                "fade_out": 0
            }
        ],
        "touch_01_1": [
            {
                "file": "motions/touch_01_1.mtn",
                "fade_in": 0,
                "fade_out": 0
            }
        ],
        "touch_01_2": [
            {
                "file": "motions/touch_01_2.mtn",
                "fade_in": 0,
                "fade_out": 0
            }
        ],
        "touch_99": [
            {
                "file": "motions/touch_99.mtn",
                "fade_in": 0,
                "fade_out": 0
            }
        ],
        "touch_gift": [
            {
                "file": "motions/touch_gift.mtn",
                "fade_in": 0,
                "fade_out": 0
            }
        ],
        "touch_tail": [
            {
                "file": "motions/touch_tail.mtn",
                "fade_in": 0,
                "fade_out": 0
            }
        ]
    }
}