{
    "version": "Sample 1.0.0",
    "model": "Slaim.moc",
    "textures": [
        "Slaim.1024/texture_00.png"
    ],
    "expressions": [
        {
            "name": "H1",
            "file": "expressions/H1.exp.json"
        },
        {
            "name": "H2",
            "file": "expressions/H2.exp.json"
        },
        {
            "name": "H3",
            "file": "expressions/H3.exp.json"
        },
        {
            "name": "H4",
            "file": "expressions/H4.exp.json"
        },
        {
            "name": "H5",
            "file": "expressions/H5.exp.json"
        },
        {
            "name": "H6",
            "file": "expressions/H6.exp.json"
        },
        {
            "name": "Htest",
            "file": "expressions/Htest.exp.json"
        }
    ],
    "motions": {
        "": [
            {
                "file": "motions/S_10Ugoki.mtn",
                "fade_in": 1000,
                "fade_out": 1000
            },
            {
                "file": "motions/S_1Taiki.mtn",
                "fade_in": 1000,
                "fade_out": 1000
            },
            {
                "file": "motions/S_2Sounyu.mtn",
                "fade_in": 1000,
                "fade_out": 1000
            },
            {
                "file": "motions/S_3Taiki.mtn",
                "fade_in": 1000,
                "fade_out": 1000
            },
            {
                "file": "motions/S_4Ugoki.mtn",
                "fade_in": 1000,
                "fade_out": 1000
            },
            {
                "file": "motions/S_5Ugoki.mtn",
                "fade_in": 1000,
                "fade_out": 1000
            },
            {
                "file": "motions/S_6Ugoki.mtn",
                "fade_in": 1000,
                "fade_out": 1000
            },
            {
                "file": "motions/S_7Ugoki.mtn",
                "fade_in": 1000,
                "fade_out": 1000
            },
            {
                "file": "motions/S_8Syasei.mtn",
                "fade_in": 1000,
                "fade_out": 1000
            },
            {
                "file": "motions/S_9Taiki.mtn",
                "fade_in": 1000,
                "fade_out": 1000
            }
        ]
    }
}