{
    "type": "Live2D Model Setting",
    "name": "model",
    "model": "Lead_00.moc",
    "textures": [
        "textures/texture_00.png",
        "textures/texture_01.png",
        "textures/texture_02.png"
    ],
    "config": {
        "scale": 1,
        "posX": 0,
        "posY": 0,
        "offsetX": 0,
        "offsetY": 0,
        "textPosX": 325,
        "textPosY": 280,
        "mirrorX": false
    },
    "motions": {
        "idle": [
            {
                "file": "motions/idle.mtn"
            }
        ],
        "stay": [
            {
                "file": "motions/stay_01.mtn"
            },
            {
                "file": "motions/stay_02.mtn"
            }
        ],
        "setting_01": [
            {
                "file": "motions/setting_01.mtn"
            }
        ],
        "room_01": [
            {
                "file": "motions/room_01.mtn"
            }
        ],
        "gift_01": [
            {
                "file": "motions/gift_01.mtn"
            }
        ],
        "favor_01": [
            {
                "file": "motions/favor_01.mtn"
            }
        ],
        "sleep_01": [
            {
                "file": "motions/sleep_01.mtn"
            }
        ],
        "touch_01_1": [
            {
                "file": "motions/touch_01_1.mtn"
            }
        ],
        "touch_01_2": [
            {
                "file": "motions/touch_01_2.mtn"
            }
        ],
        "touch_02_1": [
            {
                "file": "motions/touch_02_1.mtn"
            }
        ],
        "touch_02_2": [
            {
                "file": "motions/touch_02_2.mtn"
            }
        ],
        "touch_03_1": [
            {
                "file": "motions/touch_03_1.mtn"
            }
        ],
        "touch_03_2": [
            {
                "file": "motions/touch_03_2.mtn"
            }
        ],
        "touch_04": [
            {
                "file": "motions/touch_04.mtn"
            }
        ],
        "touch_haixiu": [
            {
                "file": "motions/touch_haixiu.mtn",
                "sound": "121_02",
                "say_text": "嗷呜~最喜欢主人摸我头啦，好舒服~",
                "say_text_show_time": 10
            }
        ],
        "touch_light": [
            {
                "file": "motions/touch_light.mtn"
            }
        ],
        "touch_window": [
            {
                "file": "motions/touch_window.mtn",
                "sound": "121_01",
                "say_text": "汪！快陪我一起玩！",
                "say_text_show_time": 5
            }
        ],
        "touch_99": [
            {
                "file": "motions/touch_99.mtn"
            }
        ]
    },
    "hit_areas": [
        {
            "name": "touch_window",
            "id": "HitArea_WINDOW"
        },
        {
            "name": "touch_light",
            "id": "HitArea_LAMP"
        },
        {
            "name": "touch_haixiu",
            "id": "HitArea_HEAD"
        }
    ]
}