{
    "posted": "Dreamer-Paul",
    "version": "Sample 1.0.0",
    "model": "model.moc",
    "textures": [
        "textures/texture_00.png"
    ],
    "motions": {
        "shake": [
            {
                "file": "motions/7.mtn",
                "sound": "sounds/mei_live2d_001.wav"
            }
        ],
        "flick_head": [
            {
                "file": "motions/1.mtn",
                "sound": "sounds/mei_live2d_003.wav"
            }
        ],
        "tap_face": [
            {
                "file": "motions/2.mtn",
                "sound": "sounds/mei_live2d_004.wav"
            }
        ],
        "tap_breast": [
            {
                "file": "motions/3.mtn",
                "sound": "sounds/mei_live2d_002.wav"
            }
        ],
        "tap_belly": [
            {
                "file": "motions/4.mtn",
                "sound": "sounds/mei_live2d_006.wav"
            }
        ],
        "tap_leg": [
            {
                "file": "motions/6.mtn",
                "sound": "sounds/mei_live2d_007.wav"
            }
        ],
        "mail": [
            {
                "file": "motions/idle.mtn"
            }
        ],
        "morning": [
            {
                "file": "motions/idle.mtn"
            }
        ],
        "idle": [
            {
                "file": "motions/idle.mtn"
            }
        ],
        "activity": [
            {
                "file": "motions/idle.mtn"
            }
        ],
        "born": [
            {
                "file": "motions/6.mtn",
                "sound": "sounds/mei_live2d_007.wav"
            }
        ],
        "friend": [
            {
                "file": "motions/idle.mtn"
            }
        ],
        "afternoon": [
            {
                "file": "motions/idle.mtn"
            }
        ],
        "evening": [
            {
                "file": "motions/idle.mtn"
            }
        ],
        "tap_body": [
            {
                "file": "motions/5.mtn",
                "sound": "sounds/mei_live2d_005.wav"
            },
            {
                "file": "motions/5.mtn",
                "sound": "sounds/mei_live2d_008.wav"
            },
            {
                "file": "motions/5.mtn",
                "sound": "sounds/mei_live2d_008.wav"
            },
            {
                "file": "motions/5.mtn",
                "sound": "sounds/mei_live2d_010.wav"
            },
            {
                "file": "motions/5.mtn",
                "sound": "sounds/mei_live2d_011.wav"
            },
            {
                "file": "motions/5.mtn",
                "sound": "sounds/mei_live2d_012.wav"
            },
            {
                "file": "motions/5.mtn",
                "sound": "sounds/mei_live2d_013.wav"
            },
            {
                "file": "motions/5.mtn",
                "sound": "sounds/mei_live2d_014.wav"
            },
            {
                "file": "motions/5.mtn",
                "sound": "sounds/mei_live2d_015.wav"
            },
            {
                "file": "motions/5.mtn",
                "sound": "sounds/mei_live2d_016.wav"
            },
            {
                "file": "motions/5.mtn",
                "sound": "sounds/mei_live2d_017.wav"
            },
            {
                "file": "motions/5.mtn",
                "sound": "sounds/mei_live2d_018.wav"
            },
            {
                "file": "motions/5.mtn",
                "sound": "sounds/mei_live2d_019.wav"
            },
            {
                "file": "motions/5.mtn",
                "sound": "sounds/mei_live2d_020.wav"
            }
        ]
    },
    "hit_areas_custom": {
        "head_x": [
            -0.35,
            0.6
        ],
        "head_y": [
            0.19,
            -0.2
        ],
        "body_x": [
            -0.3,
            -0.25
        ],
        "body_y": [
            0.3,
            -0.9
        ]
    },
    "physics": "physics.json",
    "name": "",
    "layout": {
        "width": 2,
        "center_x": 0,
        "center_y": 0
    },
    "hit_areas": [
        {
            "name": "head",
            "id": "D_CORE_HEAD"
        },
        {
            "name": "face",
            "id": "D_CORE_FACE"
        },
        {
            "name": "breast",
            "id": "D_CORE_BREAST"
        },
        {
            "name": "belly",
            "id": "D_CORE_BELLY"
        },
        {
            "name": "leg",
            "id": "D_CORE_LEG"
        }
    ],
    "motion_settings": {
        "idle": {
            "cd": 20
        },
        "morning": {
            "cd": 3600
        },
        "afternoon": {
            "cd": 3600
        },
        "evening": {
            "cd": 3600
        },
        "activity": {
            "cd": 3600
        },
        "friend": {
            "cd": 18000
        },
        "mail": {
            "cd": 18000
        },
        "tap_breast": {
            "cd": 10
        },
        "tap_belly": {
            "cd": 10
        },
        "tap_leg": {
            "cd": 10
        },
        "tap_face": {
            "cd": 10
        },
        "flick_head": {
            "cd": 20
        },
        "shake": {
            "cd": 60
        },
        "born": {
            "cd": 60
        }
    }
}