{
    "version": "Sample 1.0.0",
    "model": "model.moc",
    "textures": [
        "model.1024/texture_00.png"
    ],
    "hit_areas": [
        {
            "name": "head",
            "id": "D_REF.HEAD",
            "motion": "tap_body"
        },
        {
            "name": "leg",
            "id": "D_REF.LEG",
            "motion": "tap_body"
        },
        {
            "name": "body",
            "id": "D_REF.BODY",
            "motion": "tap_body"
        }
    ],
    "motions": {
        "idle": [
            {
                "file": "motions/daiji_idle.mtn"
            }
        ],
        "tap_body": [
            {
                "file": "motions/broken_1.mtn"
            },
            {
                "file": "motions/broken_2.mtn"
            },
            {
                "file": "motions/broken_3.mtn"
            },
            {
                "file": "motions/broken_4.mtn"
            },
            {
                "file": "motions/broken_5.mtn"
            }
        ],
        "shake": [
            {
                "file": "motions/shake.mtn"
            }
        ],
        "start": [
            {
                "file": "motions/login.mtn"
            }
        ]
    },
    "physics": "physics.json",
    "pose": "pose.json",
    "auto_breath": false
}