{
    "type": "Live2D Model Setting",
    "name": "feiyue",
    "model": "Lead_00.moc",
    "textures": [
        "textures/texture_00.png",
        "textures/texture_01.png"
    ],
    "config": {
        "scale": 1.2,
        "posX": -80,
        "posY": 150,
        "offsetX": 0,
        "offsetY": 0,
        "textPosX": 300,
        "textPosY": 700,
        "mirrorX": false
    },
    "motions": {
        "idle": [
            {
                "file": "motions/idle.mtn"
            }
        ],
        "stay": [
            {
                "file": "motions/stay_01.mtn",
                "sound": "10220_stay01",
                "fade_in": 300,
                "fade_out": 300,
                "say_text": "偷偷尝点……",
                "say_text_show_time": 0
            }
        ],
        "tap_head": [
            {
                "file": "motions/touch_01.mtn",
                "sound": "10220_touch05",
                "fade_in": 300,
                "fade_out": 300,
                "say_text": "唔……",
                "say_text_show_time": 0
            }
        ],
        "tap_ass": [
            {
                "file": "motions/touch_02.mtn",
                "sound": "10220_touch02",
                "fade_in": 300,
                "fade_out": 300,
                "say_text": "手。拿开。",
                "say_text_show_time": 0
            },
            {
                "file": "motions/move_02.mtn"
            }
        ],
        "tap_bra": [
            {
                "file": "motions/touch_03.mtn",
                "sound": "10220_touch03",
                "fade_in": 300,
                "fade_out": 300,
                "say_text": "这个。不能吃。。",
                "say_text_show_time": 0
            },
            {
                "file": "motions/move_01.mtn"
            }
        ],
        "tap_leg": [
            {
                "file": "motions/touch_04.mtn",
                "sound": "10220_touch01",
                "fade_in": 300,
                "fade_out": 300,
                "say_text": "嗯？好痒……",
                "say_text_show_time": 0
            }
        ],
        "tap_panda": [
            {
                "file": "motions/touch_05.mtn",
                "sound": "10220_touch04",
                "fade_in": 300,
                "fade_out": 300,
                "say_text": "别碰，那个，还没煮过。",
                "say_text_show_time": 0
            }
        ],
        "tap_cleaner": [
            {
                "file": "motions/touch_06.mtn",
                "sound": "10220_touch06",
                "fade_in": 300,
                "fade_out": 300,
                "say_text": "唔，起风了",
                "say_text_show_time": 0
            }
        ],
        "tap_basket": [
            {
                "file": "motions/touch_07.mtn"
            }
        ],
        "tap_haixiu": [
            {
                "file": "motions/touch_01.mtn"
            }
        ],
        "tap_zhengchang": [
            {
                "file": "motions/touch_04.mtn"
            }
        ],
        "tap_aichou": [
            {
                "file": "motions/touch_07.mtn"
            }
        ],
        "tap_fanu": [
            {
                "file": "motions/touch_03.mtn"
            },
            {
                "file": "motions/move_01.mtn"
            }
        ],
        "tap_kaixin": [
            {
                "file": "motions/touch_06.mtn"
            }
        ]
    },
    "hit_areas": [
        {
            "name": "tap_head",
            "id": "touch_01"
        },
        {
            "name": "tap_ass",
            "id": "touch_02"
        },
        {
            "name": "tap_bra",
            "id": "touch_03"
        },
        {
            "name": "tap_leg",
            "id": "touch_04"
        },
        {
            "name": "tap_panda",
            "id": "touch_05"
        },
        {
            "name": "tap_cleaner",
            "id": "touch_06"
        },
        {
            "name": "tap_basket",
            "id": "touch_07"
        }
    ]
}