{
    "type": "Live2D Model Setting",
    "name": "wanko",
    "model": "moc/wanko.moc",
    "textures": [
        "moc/wanko.1024/texture_00.png"
    ],
    "hit_areas": [
        {
            "name": "body",
            "id": "D_REF.PT_SOBA_01"
        }
    ],
    "layout": {
        "center_x": 0,
        "center_y": 0.3,
        "width": 2.9
    },
    "motions": {
        "idle": [
            {
                "file": "mtn/idle_01.mtn",
                "fade_in": 500,
                "fade_out": 200
            },
            {
                "file": "mtn/idle_02.mtn",
                "fade_in": 500,
                "fade_out": 200
            },
            {
                "file": "mtn/idle_03.mtn",
                "fade_in": 500,
                "fade_out": 200
            },
            {
                "file": "mtn/idle_04.mtn",
                "fade_in": 500,
                "fade_out": 200
            }
        ],
        "shake": [
            {
                "file": "mtn/shake_01.mtn",
                "fade_in": 500,
                "fade_out": 0
            },
            {
                "file": "mtn/shake_02.mtn",
                "fade_in": 500,
                "fade_out": 0
            }
        ],
        "tap_body": [
            {
                "file": "mtn/touch_01.mtn",
                "fade_in": 500,
                "fade_out": 0
            },
            {
                "file": "mtn/touch_02.mtn",
                "fade_in": 500,
                "fade_out": 0
            },
            {
                "file": "mtn/touch_03.mtn",
                "fade_in": 500,
                "fade_out": 0
            }
        ]
    }
}